PLAN DE ESTUDIOS,NRC,CONECTOR  LIGA,LISTA CRUZADA,MATERIA,CURSO,SECC.,TITULO,CRÉDITOS,LUNES,MARTES,MIERCOLES,JUEVES,VIERNES,INICIO,FIN,TIPO,PROFESOR
PE2016,491,,,IOC,6000,1,ADM. Y CONTROL DE PROYECTOS,0,,,,16:30 -19:20,,23/09/2021,23/09/2021,PRBA,DULOVITS/CORTES ALEXANDER ALOIS
PE2016,491,,,IOC,6000,1,ADM. Y CONTROL DE PROYECTOS,0,,,,16:30 -19:20,,4/11/2021,4/11/2021,PRBA,DULOVITS/CORTES ALEXANDER ALOIS
PE2016,491,,,IOC,6000,1,ADM. Y CONTROL DE PROYECTOS,0,,,,16:30 -19:20,,2/8/2021,17/11/2021,CLAS,DULOVITS/CORTES ALEXANDER ALOIS
PE2016,509,,,ICI,2010,1,ADMINISTRACION DE RIESGOS FINA,0,,,10:30 -13:20,,,2/8/2021,17/11/2021,CLAS,CEA/ECHENIQUE SEBASTIAN ANDRES
PE2016,509,,,ICI,2010,1,ADMINISTRACION DE RIESGOS FINA,0,,,,19:30 -21:20,,9/9/2021,9/9/2021,PRBA,CEA/ECHENIQUE SEBASTIAN ANDRES
PE2016,509,,,ICI,2010,1,ADMINISTRACION DE RIESGOS FINA,0,,,,19:30 -21:20,,14/10/2021,14/10/2021,PRBA,CEA/ECHENIQUE SEBASTIAN ANDRES
PE2016,509,,,ICI,2010,1,ADMINISTRACION DE RIESGOS FINA,0,,,,11:30 -13:20,,25/11/2021,25/11/2021,EXAM,CEA/ECHENIQUE SEBASTIAN ANDRES
PE2016,625,,,ING,1100,1,ALGEBRA E INTR. AL CALCULO,0,10:30 -12:20,,,,,2/8/2021,17/11/2021,CLAS,PIRELA/PEREZ CARLOS SANTIAGO
PE2016,625,,,ING,1100,1,ALGEBRA E INTR. AL CALCULO,0,15:30 -17:20,,,,,9/8/2021,17/11/2021,AYUD,PIRELA/PEREZ CARLOS SANTIAGO
PE2016,625,,,ING,1100,1,ALGEBRA E INTR. AL CALCULO,0,15:30 -17:20,,,,,13/09/2021,13/09/2021,PRBA,PIRELA/PEREZ CARLOS SANTIAGO
PE2016,625,,,ING,1100,1,ALGEBRA E INTR. AL CALCULO,0,19:30 -21:20,,,,,23/08/2021,23/08/2021,PRBA,PIRELA/PEREZ CARLOS SANTIAGO
PE2016,625,,,ING,1100,1,ALGEBRA E INTR. AL CALCULO,0,19:30 -21:20,,,,,4/10/2021,4/10/2021,PRBA,PIRELA/PEREZ CARLOS SANTIAGO
PE2016,625,,,ING,1100,1,ALGEBRA E INTR. AL CALCULO,0,19:30 -21:20,,,,,15/11/2021,15/11/2021,PRBA,PIRELA/PEREZ CARLOS SANTIAGO
PE2016,625,,,ING,1100,1,ALGEBRA E INTR. AL CALCULO,0,,08:30 -12:20,,,,2/8/2021,17/11/2021,CLAS,PIRELA/PEREZ CARLOS SANTIAGO
PE2016,625,,,ING,1100,1,ALGEBRA E INTR. AL CALCULO,0,,09:30 -11:20,,,,23/11/2021,23/11/2021,EXAM,PIRELA/PEREZ CARLOS SANTIAGO
PE2016,625,,,ING,1100,1,ALGEBRA E INTR. AL CALCULO,0,,,13:30 -15:20,,,9/8/2021,17/11/2021,AYUD,PIRELA/PEREZ CARLOS SANTIAGO
PE2016,625,,,ING,1100,1,ALGEBRA E INTR. AL CALCULO,0,,,13:30 -15:20,,,23/10/2021,23/10/2021,PRBA,PIRELA/PEREZ CARLOS SANTIAGO
PE2016,625,,,ING,1100,1,ALGEBRA E INTR. AL CALCULO,0,,,,08:30 -10:20,,2/8/2021,17/11/2021,CLAS,PIRELA/PEREZ CARLOS SANTIAGO
PE2016,608,,,ING,1201,1,ALGEBRA LINEAL,0,,15:30 -17:20,,,,2/8/2021,17/11/2021,CLAS,BALLESTEROS/VERGARA RAIMUNDO TOMAS
PE2016,608,,,ING,1201,1,ALGEBRA LINEAL,0,,,,15:30 -17:20,,2/8/2021,17/11/2021,CLAS,BALLESTEROS/VERGARA RAIMUNDO TOMAS
PE2016,608,,,ING,1201,1,ALGEBRA LINEAL,0,,,,,15:30 -17:20,9/8/2021,17/11/2021,AYUD,BALLESTEROS/VERGARA RAIMUNDO TOMAS
PE2016,608,,,ING,1201,1,ALGEBRA LINEAL,0,19:30 -21:20,,,,,23/08/2021,23/08/2021,PRBA,BALLESTEROS/VERGARA RAIMUNDO TOMAS
PE2016,608,,,ING,1201,1,ALGEBRA LINEAL,0,,,,19:30 -21:20,,21/10/2021,21/10/2021,PRBA,BALLESTEROS/VERGARA RAIMUNDO TOMAS
PE2016,608,,,ING,1201,1,ALGEBRA LINEAL,0,19:30 -21:20,,,,,15/11/2021,15/11/2021,PRBA,BALLESTEROS/VERGARA RAIMUNDO TOMAS
PE2016,608,,,ING,1201,1,ALGEBRA LINEAL,0,,,,,15:30 -17:20,24/09/2021,24/09/2021,PRBA,BALLESTEROS/VERGARA RAIMUNDO TOMAS
PE2016,608,,,ING,1201,1,ALGEBRA LINEAL,0,,,,,15:30 -17:20,26/11/2021,26/11/2021,EXAM,BALLESTEROS/VERGARA RAIMUNDO TOMAS
PE2016,609,,,ING,1201,2,ALGEBRA LINEAL,0,19:30 -21:20,,,,,23/08/2021,23/08/2021,PRBA,ZEGARRA/AGRAMONT LUIS GUILLERMO
PE2016,609,,,ING,1201,2,ALGEBRA LINEAL,0,19:30 -21:20,,,,,15/11/2021,15/11/2021,PRBA,ZEGARRA/AGRAMONT LUIS GUILLERMO
PE2016,609,,,ING,1201,2,ALGEBRA LINEAL,0,,15:30 -17:20,,,,2/8/2021,17/11/2021,CLAS,ZEGARRA/AGRAMONT LUIS GUILLERMO
PE2016,609,,,ING,1201,2,ALGEBRA LINEAL,0,,,,16:30 -18:20,,2/8/2021,17/11/2021,CLAS,ZEGARRA/AGRAMONT LUIS GUILLERMO
PE2016,609,,,ING,1201,2,ALGEBRA LINEAL,0,,,,19:30 -21:20,,21/10/2021,21/10/2021,PRBA,ZEGARRA/AGRAMONT LUIS GUILLERMO
PE2016,609,,,ING,1201,2,ALGEBRA LINEAL,0,,,,,15:30 -17:20,24/09/2021,24/09/2021,PRBA,ZEGARRA/AGRAMONT LUIS GUILLERMO
PE2016,609,,,ING,1201,2,ALGEBRA LINEAL,0,,,,,15:30 -17:20,9/8/2021,17/11/2021,AYUD,ZEGARRA/AGRAMONT LUIS GUILLERMO
PE2016,609,,,ING,1201,2,ALGEBRA LINEAL,0,,,,,15:30 -17:20,26/11/2021,26/11/2021,EXAM,ZEGARRA/AGRAMONT LUIS GUILLERMO
PE2016,610,,,ING,1201,3,ALGEBRA LINEAL,0,19:30 -21:20,,,,,23/08/2021,23/08/2021,PRBA,CARRASCO/BRIONES MIGUEL ANGEL
PE2016,610,,,ING,1201,3,ALGEBRA LINEAL,0,19:30 -21:20,,,,,15/11/2021,15/11/2021,PRBA,CARRASCO/BRIONES MIGUEL ANGEL
PE2016,610,,,ING,1201,3,ALGEBRA LINEAL,0,,15:30 -17:20,,,,2/8/2021,17/11/2021,CLAS,CARRASCO/BRIONES MIGUEL ANGEL
PE2016,610,,,ING,1201,3,ALGEBRA LINEAL,0,,,,15:30 -17:20,,2/8/2021,17/11/2021,CLAS,CARRASCO/BRIONES MIGUEL ANGEL
PE2016,610,,,ING,1201,3,ALGEBRA LINEAL,0,,,,19:30 -21:20,,21/10/2021,21/10/2021,PRBA,CARRASCO/BRIONES MIGUEL ANGEL
PE2016,610,,,ING,1201,3,ALGEBRA LINEAL,0,,,,,15:30 -17:20,24/09/2021,24/09/2021,PRBA,CARRASCO/BRIONES MIGUEL ANGEL
PE2016,610,,,ING,1201,3,ALGEBRA LINEAL,0,,,,,15:30 -17:20,9/8/2021,17/11/2021,AYUD,CARRASCO/BRIONES MIGUEL ANGEL
PE2016,610,,,ING,1201,3,ALGEBRA LINEAL,0,,,,,15:30 -17:20,26/11/2021,26/11/2021,EXAM,CARRASCO/BRIONES MIGUEL ANGEL
PE2016,611,,,ING,1201,4,ALGEBRA LINEAL,0,19:30 -21:20,,,,,23/08/2021,23/08/2021,PRBA,BASTARRICA/MELGAREJO JOSEFINA ESTEFANIA
PE2016,611,,,ING,1201,4,ALGEBRA LINEAL,0,19:30 -21:20,,,,,15/11/2021,15/11/2021,PRBA,BASTARRICA/MELGAREJO JOSEFINA ESTEFANIA
PE2016,611,,,ING,1201,4,ALGEBRA LINEAL,0,,15:30 -17:20,,,,2/8/2021,17/11/2021,CLAS,BASTARRICA/MELGAREJO JOSEFINA ESTEFANIA
PE2016,611,,,ING,1201,4,ALGEBRA LINEAL,0,,,,15:30 -17:20,,2/8/2021,17/11/2021,CLAS,BASTARRICA/MELGAREJO JOSEFINA ESTEFANIA
PE2016,611,,,ING,1201,4,ALGEBRA LINEAL,0,,,,19:30 -21:20,,21/10/2021,21/10/2021,PRBA,BASTARRICA/MELGAREJO JOSEFINA ESTEFANIA
PE2016,611,,,ING,1201,4,ALGEBRA LINEAL,0,,,,,15:30 -17:20,24/09/2021,24/09/2021,PRBA,BASTARRICA/MELGAREJO JOSEFINA ESTEFANIA
PE2016,611,,,ING,1201,4,ALGEBRA LINEAL,0,,,,,15:30 -17:20,9/8/2021,17/11/2021,AYUD,BASTARRICA/MELGAREJO JOSEFINA ESTEFANIA
PE2016,611,,,ING,1201,4,ALGEBRA LINEAL,0,,,,,15:30 -17:20,26/11/2021,26/11/2021,EXAM,BASTARRICA/MELGAREJO JOSEFINA ESTEFANIA
PE2016,461,,,ICE,3101,1,ANALISIS DE CIRCUITOS,0,,,08:30 -10:20,,,2/8/2021,17/11/2021,CLAS,GUARINI/HERRMANN MARCELO WALTER
PE2016,461,,,ICE,3101,1,ANALISIS DE CIRCUITOS,0,,,,17:30 -19:20,,2/9/2021,2/9/2021,PRBA,GUARINI/HERRMANN MARCELO WALTER
PE2016,461,,,ICE,3101,1,ANALISIS DE CIRCUITOS,0,,,,17:30 -19:20,,30/09/2021,30/09/2021,PRBA,GUARINI/HERRMANN MARCELO WALTER
PE2016,461,,,ICE,3101,1,ANALISIS DE CIRCUITOS,0,,,,17:30 -19:20,,28/10/2021,28/10/2021,PRBA,GUARINI/HERRMANN MARCELO WALTER
PE2016,461,,,ICE,3101,1,ANALISIS DE CIRCUITOS,0,,,11:30 -13:20,,,1/12/2021,1/12/2021,EXAM,GUARINI/HERRMANN MARCELO WALTER
PE2016,461,,,ICE,3101,1,ANALISIS DE CIRCUITOS,0,,09:30 -11:20,,,,9/8/2021,17/11/2021,LABT,GUARINI/HERRMANN MARCELO WALTER
PE2016,461,,,ICE,3101,1,ANALISIS DE CIRCUITOS,0,,,,11:30 -12:20,,2/8/2021,17/11/2021,CLAS,GUARINI/HERRMANN MARCELO WALTER
PE2016,461,,,ICE,3101,1,ANALISIS DE CIRCUITOS,0,,,,17:30 -19:20,,9/8/2021,17/11/2021,AYUD,GUARINI/HERRMANN MARCELO WALTER
PE2016,495,,,IOC,3201,1,ANALISIS ESTRUCTURAL,0,19:30 -21:20,,,,,30/08/2021,30/08/2021,PRBA,MARIHUEN/FUENTEALBA ANDRES NICOLAS
PE2016,495,,,IOC,3201,1,ANALISIS ESTRUCTURAL,0,19:30 -21:20,,,,,25/10/2021,25/10/2021,PRBA,MARIHUEN/FUENTEALBA ANDRES NICOLAS
PE2016,495,,,IOC,3201,1,ANALISIS ESTRUCTURAL,0,,,15:30 -17:20,,,9/8/2021,17/11/2021,AYUD,MARIHUEN/FUENTEALBA ANDRES NICOLAS
PE2016,495,,,IOC,3201,1,ANALISIS ESTRUCTURAL,0,,,09:30 -11:20,,,24/11/2021,24/11/2021,EXAM,MARIHUEN/FUENTEALBA ANDRES NICOLAS
PE2016,495,,,IOC,3201,1,ANALISIS ESTRUCTURAL,0,,,,19:30 -21:20,,23/09/2021,23/09/2021,PRBA,MARIHUEN/FUENTEALBA ANDRES NICOLAS
PE2016,495,,,IOC,3201,1,ANALISIS ESTRUCTURAL,0,,,,,16:30 -19:20,2/8/2021,17/11/2021,CLAS,MARIHUEN/FUENTEALBA ANDRES NICOLAS
CEG,418,,,ING,1106,1,ANTROPOLOGIA FILOSOFICA,0,,,,,13:30 -15:20,2/8/2021,11/11/2021,CLAS,STEVENSSON/DE LA TAILLE TRETINVILLE IGNACIO
CEG,418,,,ING,1106,1,ANTROPOLOGIA FILOSOFICA,0,,,,,13:30 -15:20,12/11/2021,12/11/2021,EXAM,STEVENSSON/DE LA TAILLE TRETINVILLE IGNACIO
PE2016,433,,,ICC,3202,1,ARQUITECTURA DE COMPUTADORES,0,,13:30 -15:20,,,,2/8/2021,17/11/2021,CLAS,RECABARREN/BAHAMONDES MATIAS
PE2016,4021,,U3,ICE,5201,1,ARTIFICIAL INTELLIGENCE,0,13:30 -15:20,,,,,2/8/2021,17/11/2021,CLAS,VAIRETTI/. CARLA MARINA
PE2016,4021,,U3,ICE,5201,1,ARTIFICIAL INTELLIGENCE,0,13:30 -15:20,,,,,6/9/2021,6/9/2021,PRBA,VAIRETTI/. CARLA MARINA
PE2016,4021,,U3,ICE,5201,1,ARTIFICIAL INTELLIGENCE,0,13:30 -15:20,,,,,18/10/2021,18/10/2021,PRBA,VAIRETTI/. CARLA MARINA
PE2016,4021,,U3,ICE,5201,1,ARTIFICIAL INTELLIGENCE,0,13:30 -15:20,,,,,15/11/2021,15/11/2021,PRBA,VAIRETTI/. CARLA MARINA
PE2016,4021,,U3,ICE,5201,1,ARTIFICIAL INTELLIGENCE,0,,,,15:30 -17:20,,9/8/2021,17/11/2021,AYUD,VAIRETTI/. CARLA MARINA
PE2016,4024,,U3,ICI,19,1,ARTIFICIAL INTELLIGENCE,0,13:30 -15:20,,,,,2/8/2021,17/11/2021,CLAS,VAIRETTI/. CARLA MARINA
PE2016,4024,,U3,ICI,19,1,ARTIFICIAL INTELLIGENCE,0,13:30 -15:20,,,,,6/9/2021,6/9/2021,PRBA,VAIRETTI/. CARLA MARINA
PE2016,4024,,U3,ICI,19,1,ARTIFICIAL INTELLIGENCE,0,13:30 -15:20,,,,,18/10/2021,18/10/2021,PRBA,VAIRETTI/. CARLA MARINA
PE2016,4024,,U3,ICI,19,1,ARTIFICIAL INTELLIGENCE,0,13:30 -15:20,,,,,15/11/2021,15/11/2021,PRBA,VAIRETTI/. CARLA MARINA
PE2016,4024,,U3,ICI,19,1,ARTIFICIAL INTELLIGENCE,0,,,,15:30 -17:20,,9/8/2021,17/11/2021,AYUD,VAIRETTI/. CARLA MARINA
PE2016,435,,,ICC,3204,1,BASES DE DATOS,0,09:30 -12:20,,,,,27/09/2021,27/09/2021,PRBA,CARVALLO/DE FERARI ANDRES FRANCISCO
PE2016,435,,,ICC,3204,1,BASES DE DATOS,0,09:30 -12:20,,,,,08/11/2021,08/11/2021,PRBA,CARVALLO/DE FERARI ANDRES FRANCISCO
PE2016,435,,,ICC,3204,1,BASES DE DATOS,0,09:30 -12:20,,,,,2/8/2021,17/11/2021,CLAS,CARVALLO/DE FERARI ANDRES FRANCISCO
PE2016,435,,,ICC,3204,1,BASES DE DATOS,0,,,,15:30 -17:20,,2/12/2021,2/12/2021,EXAM,CARVALLO/DE FERARI ANDRES FRANCISCO
PE2016,327,,,ING,1204,1,BIOLOGIA DE LOS MICROORGANISMO,0,,10:30 -12:20,,,,9/8/2021,17/11/2021,LABT,SAN MARTIN/DAVISON JESSICA KATHERINE+MEDINA/ARMIJO ALEJANDRA JACQUELINE (LABT)
PE2016,327,,,ING,1204,1,BIOLOGIA DE LOS MICROORGANISMO,0,,,14:30 -17:20,,,2/8/2021,17/11/2021,CLAS,SAN MARTIN/DAVISON JESSICA KATHERINE+MEDINA/ARMIJO ALEJANDRA JACQUELINE (LABT)
PE2016,327,,,ING,1204,1,BIOLOGIA DE LOS MICROORGANISMO,0,,,,19:30 -21:20,,2/9/2021,2/9/2021,PRBA,SAN MARTIN/DAVISON JESSICA KATHERINE+MEDINA/ARMIJO ALEJANDRA JACQUELINE (LABT)
PE2016,327,,,ING,1204,1,BIOLOGIA DE LOS MICROORGANISMO,0,,,,19:30 -21:20,,7/10/2021,7/10/2021,PRBA,SAN MARTIN/DAVISON JESSICA KATHERINE+MEDINA/ARMIJO ALEJANDRA JACQUELINE (LABT)
PE2016,327,,,ING,1204,1,BIOLOGIA DE LOS MICROORGANISMO,0,,,,19:30 -21:20,,4/11/2021,4/11/2021,PRBA,SAN MARTIN/DAVISON JESSICA KATHERINE+MEDINA/ARMIJO ALEJANDRA JACQUELINE (LABT)
PE2016,327,,,ING,1204,1,BIOLOGIA DE LOS MICROORGANISMO,0,,,,,15:30 -17:20,3/12/2021,3/12/2021,EXAM,SAN MARTIN/DAVISON JESSICA KATHERINE+MEDINA/ARMIJO ALEJANDRA JACQUELINE (LABT)
PE2016,329,,,ING,1204,2,BIOLOGIA DE LOS MICROORGANISMO,0,,09:30 -12:20,,,,2/8/2021,17/11/2021,CLAS,ARAYA/ARANCIBIA BLANCA BEGONA+MEDINA/ARMIJO ALEJANDRA JACQUELINE (LABT)
PE2016,329,,,ING,1204,2,BIOLOGIA DE LOS MICROORGANISMO,0,,,13:30 -15:20,,,9/8/2021,17/11/2021,LABT,ARAYA/ARANCIBIA BLANCA BEGONA+MEDINA/ARMIJO ALEJANDRA JACQUELINE (LABT)
PE2016,329,,,ING,1204,2,BIOLOGIA DE LOS MICROORGANISMO,0,,,,19:30 -21:20,,2/9/2021,2/9/2021,PRBA,ARAYA/ARANCIBIA BLANCA BEGONA+MEDINA/ARMIJO ALEJANDRA JACQUELINE (LABT)
PE2016,329,,,ING,1204,2,BIOLOGIA DE LOS MICROORGANISMO,0,,,,19:30 -21:20,,7/10/2021,7/10/2021,PRBA,ARAYA/ARANCIBIA BLANCA BEGONA+MEDINA/ARMIJO ALEJANDRA JACQUELINE (LABT)
PE2016,329,,,ING,1204,2,BIOLOGIA DE LOS MICROORGANISMO,0,,,,19:30 -21:20,,4/11/2021,4/11/2021,PRBA,ARAYA/ARANCIBIA BLANCA BEGONA+MEDINA/ARMIJO ALEJANDRA JACQUELINE (LABT)
PE2016,329,,,ING,1204,2,BIOLOGIA DE LOS MICROORGANISMO,0,,,,,15:30 -17:20,3/12/2021,3/12/2021,EXAM,ARAYA/ARANCIBIA BLANCA BEGONA+MEDINA/ARMIJO ALEJANDRA JACQUELINE (LABT)
PE2016,333,,,ING,1204,3,BIOLOGIA DE LOS MICROORGANISMO,0,,08:30 -10:20,,,,9/8/2021,17/11/2021,LABT,ARAYA/ARANCIBIA BLANCA BEGONA+MEDINA/ARMIJO ALEJANDRA JACQUELINE (LABT)
PE2016,333,,,ING,1204,3,BIOLOGIA DE LOS MICROORGANISMO,0,,,14:30 -17:20,,,2/8/2021,17/11/2021,CLAS,ARAYA/ARANCIBIA BLANCA BEGONA+MEDINA/ARMIJO ALEJANDRA JACQUELINE (LABT)
PE2016,333,,,ING,1204,3,BIOLOGIA DE LOS MICROORGANISMO,0,,,,19:30 -21:20,,2/9/2021,2/9/2021,PRBA,ARAYA/ARANCIBIA BLANCA BEGONA+MEDINA/ARMIJO ALEJANDRA JACQUELINE (LABT)
PE2016,333,,,ING,1204,3,BIOLOGIA DE LOS MICROORGANISMO,0,,,,19:30 -21:20,,7/10/2021,7/10/2021,PRBA,ARAYA/ARANCIBIA BLANCA BEGONA+MEDINA/ARMIJO ALEJANDRA JACQUELINE (LABT)
PE2016,333,,,ING,1204,3,BIOLOGIA DE LOS MICROORGANISMO,0,,,,19:30 -21:20,,4/11/2021,4/11/2021,PRBA,ARAYA/ARANCIBIA BLANCA BEGONA+MEDINA/ARMIJO ALEJANDRA JACQUELINE (LABT)
PE2016,333,,,ING,1204,3,BIOLOGIA DE LOS MICROORGANISMO,0,,,,,15:30 -17:20,3/12/2021,3/12/2021,EXAM,ARAYA/ARANCIBIA BLANCA BEGONA+MEDINA/ARMIJO ALEJANDRA JACQUELINE (LABT)
PE2016,3418,,,ING,1204,4,BIOLOGIA DE LOS MICROORGANISMO,0,,08:30 -11:20,,,,2/8/2021,17/11/2021,CLAS,MARTINEZ/VALENZUELA MARIA EUGENIA
PE2016,3418,,,ING,1204,4,BIOLOGIA DE LOS MICROORGANISMO,0,,,15:30 -17:20,,,9/8/2021,17/11/2021,LABT,MARTINEZ/VALENZUELA MARIA EUGENIA
PE2016,3418,,,ING,1204,4,BIOLOGIA DE LOS MICROORGANISMO,0,,,,19:30 -21:20,,2/9/2021,2/9/2021,PRBA,MARTINEZ/VALENZUELA MARIA EUGENIA
PE2016,3418,,,ING,1204,4,BIOLOGIA DE LOS MICROORGANISMO,0,,,,19:30 -21:20,,7/10/2021,7/10/2021,PRBA,MARTINEZ/VALENZUELA MARIA EUGENIA
PE2016,3418,,,ING,1204,4,BIOLOGIA DE LOS MICROORGANISMO,0,,,,19:30 -21:20,,4/11/2021,4/11/2021,PRBA,MARTINEZ/VALENZUELA MARIA EUGENIA
PE2016,3418,,,ING,1204,4,BIOLOGIA DE LOS MICROORGANISMO,0,,,,,15:30 -17:20,3/12/2021,3/12/2021,EXAM,MARTINEZ/VALENZUELA MARIA EUGENIA
PE2016,613,,,ING,1202,1,CALCULO I,0,10:30 -12:20,,,,,2/8/2021,17/11/2021,CLAS,CARVAJAL/RAMIREZ JOSE JOAQUIN
PE2016,613,,,ING,1202,1,CALCULO I,0,19:30 -21:20,,,,,8/11/2021,8/11/2021,PRBA,CARVAJAL/RAMIREZ JOSE JOAQUIN
PE2016,613,,,ING,1202,1,CALCULO I,0,,13:30 -15:20,,,,9/8/2021,17/11/2021,AYUD,CARVAJAL/RAMIREZ JOSE JOAQUIN
PE2016,613,,,ING,1202,1,CALCULO I,0,,13:30 -15:20,,,,31/08/2021,31/08/2021,PRBA,CARVAJAL/RAMIREZ JOSE JOAQUIN
PE2016,613,,,ING,1202,1,CALCULO I,0,,13:30 -15:20,,,,19/10/2021,19/10/2021,PRBA,CARVAJAL/RAMIREZ JOSE JOAQUIN
PE2016,613,,,ING,1202,1,CALCULO I,0,,11:30 -13:20,,,,23/11/2021,23/11/2021,EXAM,CARVAJAL/RAMIREZ JOSE JOAQUIN
PE2016,613,,,ING,1202,1,CALCULO I,0,,,,08:30 -10:20,,2/8/2021,17/11/2021,CLAS,CARVAJAL/RAMIREZ JOSE JOAQUIN
PE2016,613,,,ING,1202,1,CALCULO I,0,,,,19:30 -21:20,,30/09/2021,30/09/2021,PRBA,CARVAJAL/RAMIREZ JOSE JOAQUIN
PE2016,614,,,ING,1202,2,CALCULO I,0,08:30 -10:20,,,,,2/8/2021,17/11/2021,CLAS,PIRELA/PEREZ CARLOS SANTIAGO
PE2016,614,,,ING,1202,2,CALCULO I,0,19:30 -21:20,,,,,8/11/2021,8/11/2021,PRBA,PIRELA/PEREZ CARLOS SANTIAGO
PE2016,614,,,ING,1202,2,CALCULO I,0,,13:30 -15:20,,,,9/8/2021,17/11/2021,AYUD,PIRELA/PEREZ CARLOS SANTIAGO
PE2016,614,,,ING,1202,2,CALCULO I,0,,13:30 -15:20,,,,31/08/2021,31/08/2021,PRBA,PIRELA/PEREZ CARLOS SANTIAGO
PE2016,614,,,ING,1202,2,CALCULO I,0,,13:30 -15:20,,,,19/10/2021,19/10/2021,PRBA,PIRELA/PEREZ CARLOS SANTIAGO
PE2016,614,,,ING,1202,2,CALCULO I,0,,11:30 -13:20,,,,23/11/2021,23/11/2021,EXAM,PIRELA/PEREZ CARLOS SANTIAGO
PE2016,614,,,ING,1202,2,CALCULO I,0,,,08:30 -10:20,,,2/8/2021,17/11/2021,CLAS,PIRELA/PEREZ CARLOS SANTIAGO
PE2016,614,,,ING,1202,2,CALCULO I,0,,,,19:30 -21:20,,30/09/2021,30/09/2021,PRBA,PIRELA/PEREZ CARLOS SANTIAGO
PE2016,615,,,ING,1202,3,CALCULO I,0,10:30 -12:20,,,,,2/8/2021,17/11/2021,CLAS,PETERS/RODRIGUEZ EDUARDO FABIAN
PE2016,615,,,ING,1202,3,CALCULO I,0,19:30 -21:20,,,,,8/11/2021,8/11/2021,PRBA,PETERS/RODRIGUEZ EDUARDO FABIAN
PE2016,615,,,ING,1202,3,CALCULO I,0,,13:30 -15:20,,,,9/8/2021,17/11/2021,AYUD,PETERS/RODRIGUEZ EDUARDO FABIAN
PE2016,615,,,ING,1202,3,CALCULO I,0,,13:30 -15:20,,,,31/08/2021,31/08/2021,PRBA,PETERS/RODRIGUEZ EDUARDO FABIAN
PE2016,615,,,ING,1202,3,CALCULO I,0,,13:30 -15:20,,,,19/10/2021,19/10/2021,PRBA,PETERS/RODRIGUEZ EDUARDO FABIAN
PE2016,615,,,ING,1202,3,CALCULO I,0,,11:30 -13:20,,,,23/11/2021,23/11/2021,EXAM,PETERS/RODRIGUEZ EDUARDO FABIAN
PE2016,615,,,ING,1202,3,CALCULO I,0,,,,08:30 -10:20,,2/8/2021,17/11/2021,CLAS,PETERS/RODRIGUEZ EDUARDO FABIAN
PE2016,615,,,ING,1202,3,CALCULO I,0,,,,19:30 -21:20,,30/09/2021,30/09/2021,PRBA,PETERS/RODRIGUEZ EDUARDO FABIAN
PE2016,616,,,ING,1202,4,CALCULO I,0,08:30 -10:20,,,,,2/8/2021,17/11/2021,CLAS,HERNANDEZ/URIBE ALVARO ANDRES
PE2016,616,,,ING,1202,4,CALCULO I,0,19:30 -21:20,,,,,8/11/2021,8/11/2021,PRBA,HERNANDEZ/URIBE ALVARO ANDRES
PE2016,616,,,ING,1202,4,CALCULO I,0,,13:30 -15:20,,,,9/8/2021,17/11/2021,AYUD,HERNANDEZ/URIBE ALVARO ANDRES
PE2016,616,,,ING,1202,4,CALCULO I,0,,13:30 -15:20,,,,31/08/2021,31/08/2021,PRBA,HERNANDEZ/URIBE ALVARO ANDRES
PE2016,616,,,ING,1202,4,CALCULO I,0,,13:30 -15:20,,,,19/10/2021,19/10/2021,PRBA,HERNANDEZ/URIBE ALVARO ANDRES
PE2016,616,,,ING,1202,4,CALCULO I,0,,11:30 -13:20,,,,23/11/2021,23/11/2021,EXAM,HERNANDEZ/URIBE ALVARO ANDRES
PE2016,616,,,ING,1202,4,CALCULO I,0,,,,13:30 -15:20,,2/8/2021,17/11/2021,CLAS,HERNANDEZ/URIBE ALVARO ANDRES
PE2016,616,,,ING,1202,4,CALCULO I,0,,,,19:30 -21:20,,30/09/2021,30/09/2021,PRBA,HERNANDEZ/URIBE ALVARO ANDRES
PE2016,618,,,ING,2102,1,CALCULO II,0,08:30 -10:20,,,,,2/8/2021,17/11/2021,CLAS,CARVAJAL/RAMIREZ JOSE JOAQUIN
PE2016,618,,,ING,2102,1,CALCULO II,0,19:30 -21:20,,,,,30/08/2021,30/08/2021,PRBA,CARVAJAL/RAMIREZ JOSE JOAQUIN
PE2016,618,,,ING,2102,1,CALCULO II,0,19:30 -21:20,,,,,8/11/2021,8/11/2021,PRBA,CARVAJAL/RAMIREZ JOSE JOAQUIN
PE2016,618,,,ING,2102,1,CALCULO II,0,,15:30 -17:20,,,,23/11/2021,23/11/2021,EXAM,CARVAJAL/RAMIREZ JOSE JOAQUIN
PE2016,618,,,ING,2102,1,CALCULO II,0,,,08:30 -10:20,,,2/8/2021,17/11/2021,CLAS,CARVAJAL/RAMIREZ JOSE JOAQUIN
PE2016,618,,,ING,2102,1,CALCULO II,0,,,,13:30 -15:20,,9/8/2021,17/11/2021,AYUD,CARVAJAL/RAMIREZ JOSE JOAQUIN
PE2016,618,,,ING,2102,1,CALCULO II,0,,,,19:30 -21:20,,23/09/2021,23/09/2021,PRBA,CARVAJAL/RAMIREZ JOSE JOAQUIN
PE2016,618,,,ING,2102,1,CALCULO II,0,,,,19:30 -21:20,,14/10/2021,14/10/2021,PRBA,CARVAJAL/RAMIREZ JOSE JOAQUIN
PE2016,469,,,ICE,4204,1,COMUNICACIONES DIGITALES,0,08:30 -11:20,,,,,2/8/2021,17/11/2021,CLAS,SANHUEZA/CARMONA HERNAN HUGO
PE2016,469,,,ICE,4204,1,COMUNICACIONES DIGITALES,0,,13:30 -15:20,,,,9/8/2021,17/11/2021,LABT,SANHUEZA/CARMONA HERNAN HUGO
PE2016,514,,,ICI,3203,1,CONTABILIDAD Y CONTROL DE GEST,0,,,,08:30 -11:20,,2/8/2021,17/11/2021,CLAS,SALAY/. JOUSELINE CLARA
PE2016,514,,,ICI,3203,1,CONTABILIDAD Y CONTROL DE GEST,0,,,,08:30 -11:20,,2/9/2021,2/9/2021,PRBA,SALAY/. JOUSELINE CLARA
PE2016,514,,,ICI,3203,1,CONTABILIDAD Y CONTROL DE GEST,0,,,,08:30 -11:20,,14/10/2021,14/10/2021,PRBA,SALAY/. JOUSELINE CLARA
PE2016,514,,,ICI,3203,1,CONTABILIDAD Y CONTROL DE GEST,0,,,,,11:30 -13:20,3/12/2021,3/12/2021,EXAM,SALAY/. JOUSELINE CLARA
PE2016,471,,,ICE,4202,1,CONTROL AUTOMATICO,0,13:30 -15:20,,,,,2/8/2021,17/11/2021,CLAS,RIVERA/IUNNISSI SEBASTIAN ANDRE
PE2016,471,,,ICE,4202,1,CONTROL AUTOMATICO,0,13:30 -15:20,,,,,6/9/2021,6/9/2021,PRBA,RIVERA/IUNNISSI SEBASTIAN ANDRE
PE2016,471,,,ICE,4202,1,CONTROL AUTOMATICO,0,13:30 -15:20,,,,,18/10/2021,18/10/2021,PRBA,RIVERA/IUNNISSI SEBASTIAN ANDRE
PE2016,471,,,ICE,4202,1,CONTROL AUTOMATICO,0,13:30 -15:20,,,,,15/11/2021,15/11/2021,PRBA,RIVERA/IUNNISSI SEBASTIAN ANDRE
PE2016,471,,,ICE,4202,1,CONTROL AUTOMATICO,0,,15:30 -17:20,,,,9/8/2021,17/11/2021,LABT,RIVERA/IUNNISSI SEBASTIAN ANDRE
PE2016,471,,,ICE,4202,1,CONTROL AUTOMATICO,0,,,11:30 -12:20,,,2/8/2021,17/11/2021,CLAS,RIVERA/IUNNISSI SEBASTIAN ANDRE
PE2016,507,,,IOC,3,1,DISEÑO DE OBRAS HIDRAULICAS,0,,12:30 -14:20,,,,2/8/2021,17/11/2021,CLAS,LOYOLA/NUÑEZ OSCAR PATRICIO ALBERTO
PE2016,507,,,IOC,3,1,DISEÑO DE OBRAS HIDRAULICAS,0,,,12:30 -13:20,,,2/8/2021,17/11/2021,CLAS,LOYOLA/NUÑEZ OSCAR PATRICIO ALBERTO
PE2016,631,,,IOC,4000,1,DISEÑO SISMORESISTENTE,0,15:30 -17:20,,,,,9/8/2021,17/11/2021,AYUD,PEÑA/LOPEZ CARLOS EDGARDO
PE2016,631,,,IOC,4000,1,DISEÑO SISMORESISTENTE,0,19:30 -21:20,,,,,6/9/2021,6/9/2021,PRBA,PEÑA/LOPEZ CARLOS EDGARDO
PE2016,631,,,IOC,4000,1,DISEÑO SISMORESISTENTE,0,19:30 -21:20,,,,,4/10/2021,4/10/2021,PRBA,PEÑA/LOPEZ CARLOS EDGARDO
PE2016,631,,,IOC,4000,1,DISEÑO SISMORESISTENTE,0,,,09:30 -12:20,,,2/8/2021,17/11/2021,CLAS,PEÑA/LOPEZ CARLOS EDGARDO
PE2016,631,,,IOC,4000,1,DISEÑO SISMORESISTENTE,0,,,,19:30 -21:20,,28/10/2021,28/10/2021,PRBA,PEÑA/LOPEZ CARLOS EDGARDO
PE2016,631,,,IOC,4000,1,DISEÑO SISMORESISTENTE,0,,,,13:30 -15:20,,25/11/2021,25/11/2021,EXAM,PEÑA/LOPEZ CARLOS EDGARDO
PE2016,517,,,ICI,4201,1,DISEÑO Y EVALUACION DE PROYECT,0,,,,16:30 -19:20,,30/09/2021,30/09/2021,PRBA,QUIJADA/FIGUEROA SERGIO EDUARDO+RIVERA/BUSTOS FERNANDO
PE2016,517,,,ICI,4201,1,DISEÑO Y EVALUACION DE PROYECT,0,,,,16:30 -19:20,,11/11/2021,11/11/2021,PRBA,QUIJADA/FIGUEROA SERGIO EDUARDO+RIVERA/BUSTOS FERNANDO
PE2016,517,,,ICI,4201,1,DISEÑO Y EVALUACION DE PROYECT,0,,,,16:30 -19:20,,2/8/2021,17/11/2021,CLAS,QUIJADA/FIGUEROA SERGIO EDUARDO+RIVERA/BUSTOS FERNANDO
PE2016,338,,,ICA,4201,1,DISEÑO Y OPTIMIZACION DE PROCE,0,12:30 -15:20,,,,,2/8/2021,17/11/2021,CLAS,SCOTT/CONTADOR FELIPE IGNACIO
PE2016,338,,,ICA,4201,1,DISEÑO Y OPTIMIZACION DE PROCE,0,12:30 -15:20,,,,,13/09/2021,13/09/2021,PRBA,SCOTT/CONTADOR FELIPE IGNACIO
PE2016,338,,,ICA,4201,1,DISEÑO Y OPTIMIZACION DE PROCE,0,12:30 -15:20,,,,,18/10/2021,18/10/2021,PRBA,SCOTT/CONTADOR FELIPE IGNACIO
PE2016,338,,,ICA,4201,1,DISEÑO Y OPTIMIZACION DE PROCE,0,12:30 -15:20,,,,,15/11/2021,15/11/2021,PRBA,SCOTT/CONTADOR FELIPE IGNACIO
PE2016,338,,,ICA,4201,1,DISEÑO Y OPTIMIZACION DE PROCE,0,,,,15:30 -17:20,,9/8/2021,17/11/2021,AYUD,SCOTT/CONTADOR FELIPE IGNACIO
PE2011,2351,,U4,ING,4240,1,ECONOMETRIA,0,15:30 -17:20,,,,,2/8/2021,17/11/2021,CLAS,GARCIA/ECHALAR ANDRES
PE2011,2351,,U4,ING,4240,1,ECONOMETRIA,0,,11:30 -13:20,,,,30/11/2021,30/11/2021,EXAM,GARCIA/ECHALAR ANDRES
PE2011,2351,,U4,ING,4240,1,ECONOMETRIA,0,,,,11:30 -12:20,,2/8/2021,17/11/2021,CLAS,GARCIA/ECHALAR ANDRES
PE2011,2351,,U4,ING,4240,1,ECONOMETRIA,0,,,,,17:30 -19:20,9/8/2021,17/11/2021,AYUD,GARCIA/ECHALAR ANDRES
PE2011,2351,,U4,ING,4240,1,ECONOMETRIA,0,,,,,17:30 -19:20,24/09/2021,24/09/2021,PRBA,GARCIA/ECHALAR ANDRES
PE2011,2351,,U4,ING,4240,1,ECONOMETRIA,0,,,,,17:30 -19:20,29/10/2021,29/10/2021,PRBA,GARCIA/ECHALAR ANDRES
PE2016,553,,U4,ICI,5104,1,ECONOMETRIA,0,15:30 -17:20,,,,,2/8/2021,17/11/2021,CLAS,GARCIA/ECHALAR ANDRES
PE2016,553,,U4,ICI,5104,1,ECONOMETRIA,0,,11:30 -13:20,,,,30/11/2021,30/11/2021,EXAM,GARCIA/ECHALAR ANDRES
PE2016,553,,U4,ICI,5104,1,ECONOMETRIA,0,,,,11:30 -12:20,,2/8/2021,17/11/2021,CLAS,GARCIA/ECHALAR ANDRES
PE2016,553,,U4,ICI,5104,1,ECONOMETRIA,0,,,,,17:30 -19:20,24/09/2021,24/09/2021,PRBA,GARCIA/ECHALAR ANDRES
PE2016,553,,U4,ICI,5104,1,ECONOMETRIA,0,,,,,17:30 -19:20,29/10/2021,29/10/2021,PRBA,GARCIA/ECHALAR ANDRES
PE2016,553,,U4,ICI,5104,1,ECONOMETRIA,0,,,,,17:30 -19:20,9/8/2021,17/11/2021,AYUD,GARCIA/ECHALAR ANDRES
PE2016,342,,,ICA,5202,1,ECONOMIA AMBIENTAL Y DE LOS RE,0,09:30 -12:20,,,,,2/8/2021,17/11/2021,CLAS,ZILLERUELO/ESTANOL RODRIGO
PE2016,342,,,ICA,5202,1,ECONOMIA AMBIENTAL Y DE LOS RE,0,09:30 -12:20,,,,,30/08/2021,30/08/2021,PRBA,ZILLERUELO/ESTANOL RODRIGO
PE2016,342,,,ICA,5202,1,ECONOMIA AMBIENTAL Y DE LOS RE,0,09:30 -12:20,,,,,27/09/2021,27/09/2021,PRBA,ZILLERUELO/ESTANOL RODRIGO
PE2016,342,,,ICA,5202,1,ECONOMIA AMBIENTAL Y DE LOS RE,0,09:30 -12:20,,,,,18/10/2021,18/10/2021,PRBA,ZILLERUELO/ESTANOL RODRIGO
PE2016,342,,,ICA,5202,1,ECONOMIA AMBIENTAL Y DE LOS RE,0,09:30 -12:20,,,,,8/11/2021,8/11/2021,PRBA,ZILLERUELO/ESTANOL RODRIGO
PE2016,342,,,ICA,5202,1,ECONOMIA AMBIENTAL Y DE LOS RE,0,,15:30 -17:20,,,,9/8/2021,17/11/2021,AYUD,ZILLERUELO/ESTANOL RODRIGO
PE2016,342,,,ICA,5202,1,ECONOMIA AMBIENTAL Y DE LOS RE,0,,,11:30 -13:20,,,24/11/2021,24/11/2021,EXAM,ZILLERUELO/ESTANOL RODRIGO
PE2016,667,,,ING,5,1,ECONOMIA DE REDES,0,10:30 -12:20,,,,,2/8/2021,17/11/2021,CLAS,BASAURE/QUINTANA ARTURO FERNANDO
PE2016,667,,,ING,5,1,ECONOMIA DE REDES,0,10:30 -12:20,,,,,13/09/2021,13/09/2021,PRBA,BASAURE/QUINTANA ARTURO FERNANDO
PE2016,667,,,ING,5,1,ECONOMIA DE REDES,0,,13:30 -15:20,,,,9/11/2021,9/11/2021,PRBA,BASAURE/QUINTANA ARTURO FERNANDO
PE2016,667,,,ING,5,1,ECONOMIA DE REDES,0,,13:30 -15:20,,,,9/8/2021,17/11/2021,AYUD,BASAURE/QUINTANA ARTURO FERNANDO
PE2016,620,,,ING,2101,1,ECUACIONES DIFERENCIALES,0,14:30 -17:20,,,,,2/8/2021,17/11/2021,CLAS,BALLESTEROS/VERGARA RAIMUNDO TOMAS
PE2016,620,,,ING,2101,1,ECUACIONES DIFERENCIALES,0,,,,19:30 -21:20,,9/9/2021,9/9/2021,PRBA,BALLESTEROS/VERGARA RAIMUNDO TOMAS
PE2016,620,,,ING,2101,1,ECUACIONES DIFERENCIALES,0,,,,19:30 -21:20,,21/10/2021,21/10/2021,PRBA,BALLESTEROS/VERGARA RAIMUNDO TOMAS
PE2016,620,,,ING,2101,1,ECUACIONES DIFERENCIALES,0,,,,,15:30 -17:20,9/8/2021,17/11/2021,AYUD,BALLESTEROS/VERGARA RAIMUNDO TOMAS
PE2016,620,,,ING,2101,1,ECUACIONES DIFERENCIALES,0,,,,,15:30 -17:20,20/08/2021,20/08/2021,PRBA,BALLESTEROS/VERGARA RAIMUNDO TOMAS
PE2016,620,,,ING,2101,1,ECUACIONES DIFERENCIALES,0,,,,,15:30 -17:20,1/10/2021,1/10/2021,PRBA,BALLESTEROS/VERGARA RAIMUNDO TOMAS
PE2016,620,,,ING,2101,1,ECUACIONES DIFERENCIALES,0,,,,,15:30 -17:20,12/11/2021,12/11/2021,PRBA,BALLESTEROS/VERGARA RAIMUNDO TOMAS
PE2016,620,,,ING,2101,1,ECUACIONES DIFERENCIALES,0,,,,,09:30 -11:20,26/11/2021,26/11/2021,EXAM,BALLESTEROS/VERGARA RAIMUNDO TOMAS
PE2016,430,,,ING,2202,1,ELECTRICIDAD Y MAGNETISMO,0,11:30 -13:20,,,,,9/8/2021,17/11/2021,LABT,DESCALZI/MUÑOZ ORAZIO+DESCALZI/MUÑOZ ORAZIO (LABT)
PE2016,430,,,ING,2202,1,ELECTRICIDAD Y MAGNETISMO,0,16:30 -18:20,,,,,9/8/2021,17/11/2021,LABT,DESCALZI/MUÑOZ ORAZIO+DESCALZI/MUÑOZ ORAZIO (LABT)
PE2016,430,,,ING,2202,1,ELECTRICIDAD Y MAGNETISMO,0,,13:30 -15:20,,,,9/8/2021,17/11/2021,AYUD,DESCALZI/MUÑOZ ORAZIO+DESCALZI/MUÑOZ ORAZIO (LABT)
PE2016,430,,,ING,2202,1,ELECTRICIDAD Y MAGNETISMO,0,,,08:30 -10:20,,,2/8/2021,17/11/2021,CLAS,DESCALZI/MUÑOZ ORAZIO+DESCALZI/MUÑOZ ORAZIO (LABT)
PE2016,430,,,ING,2202,1,ELECTRICIDAD Y MAGNETISMO,0,,,15:30 -17:20,,,1/12/2021,1/12/2021,EXAM,DESCALZI/MUÑOZ ORAZIO+DESCALZI/MUÑOZ ORAZIO (LABT)
PE2016,431,,,ING,2202,2,ELECTRICIDAD Y MAGNETISMO,0,,13:30 -15:20,,,,9/8/2021,17/11/2021,CLAS,SANTANDER/ALARCON MARIA JOSE NOEMI+DESCALZI/MUÑOZ ORAZIO (LABT)
PE2016,431,,,ING,2202,2,ELECTRICIDAD Y MAGNETISMO,0,,,08:30 -10:20,,,2/8/2021,17/11/2021,CLAS,SANTANDER/ALARCON MARIA JOSE NOEMI+DESCALZI/MUÑOZ ORAZIO (LABT)
PE2016,431,,,ING,2202,2,ELECTRICIDAD Y MAGNETISMO,0,,,15:30 -17:20,,,1/12/2021,1/12/2021,EXAM,SANTANDER/ALARCON MARIA JOSE NOEMI+DESCALZI/MUÑOZ ORAZIO (LABT)
PE2016,431,,,ING,2202,2,ELECTRICIDAD Y MAGNETISMO,0,,,,14:30 -16:20,,9/8/2021,17/11/2021,LABT,SANTANDER/ALARCON MARIA JOSE NOEMI+DESCALZI/MUÑOZ ORAZIO (LABT)
MINOR,629,,,INM,9,1,ELEMENTOS DE LA CONTAMINACION,0,,,,,10:30 -12:20,24/09/2021,24/09/2021,PRBA,SAN MARTIN/DAVISON JESSICA KATHERINE
MINOR,629,,,INM,9,1,ELEMENTOS DE LA CONTAMINACION,0,,,,,10:30 -12:20,15/10/2021,15/10/2021,PRBA,SAN MARTIN/DAVISON JESSICA KATHERINE
MINOR,629,,,INM,9,1,ELEMENTOS DE LA CONTAMINACION,0,,,,,10:30 -12:20,12/11/2021,12/11/2021,PRBA,SAN MARTIN/DAVISON JESSICA KATHERINE
MINOR,629,,,INM,9,1,ELEMENTOS DE LA CONTAMINACION,0,,,,,10:30 -12:20,2/8/2021,17/11/2021,CLAS,SAN MARTIN/DAVISON JESSICA KATHERINE
PE2016,353,,,ICA,4,1,ENERGIAS ALTERNATIVAS NO CONV.,0,15:30 -17:20,,,,,22/11/2021,22/11/2021,EXAM,CONTRERAS/FIERRO CARMEN
PE2016,353,,,ICA,4,1,ENERGIAS ALTERNATIVAS NO CONV.,0,,,,17:30 -19:20,,2/8/2021,17/11/2021,CLAS,CONTRERAS/FIERRO CARMEN
PE2016,353,,,ICA,4,1,ENERGIAS ALTERNATIVAS NO CONV.,0,,,,17:30 -19:20,,23/09/2021,23/09/2021,PRBA,CONTRERAS/FIERRO CARMEN
PE2016,353,,,ICA,4,1,ENERGIAS ALTERNATIVAS NO CONV.,0,,,,17:30 -19:20,,28/10/2021,28/10/2021,PRBA,CONTRERAS/FIERRO CARMEN
PE2016,353,,,ICA,4,1,ENERGIAS ALTERNATIVAS NO CONV.,0,,,,,17:30 -18:20,2/8/2021,17/11/2021,CLAS,CONTRERAS/FIERRO CARMEN
PE2016,633,,,ING,2204,1,ESTATICA,0,14:30 -16:20,,,,,2/8/2021,17/11/2021,CLAS,ASTROZA/EULUFI RODRIGO
PE2016,633,,,ING,2204,1,ESTATICA,0,,,13:30 -15:20,,,9/8/2021,17/11/2021,AYUD,ASTROZA/EULUFI RODRIGO
PE2016,633,,,ING,2204,1,ESTATICA,0,,,13:30 -15:20,,,25/08/2021,25/08/2021,PRBA,ASTROZA/EULUFI RODRIGO
PE2016,633,,,ING,2204,1,ESTATICA,0,,,13:30 -15:20,,,29/09/2021,29/09/2021,PRBA,ASTROZA/EULUFI RODRIGO
PE2016,633,,,ING,2204,1,ESTATICA,0,,,13:30 -15:20,,,27/10/2021,27/10/2021,PRBA,ASTROZA/EULUFI RODRIGO
PE2016,633,,,ING,2204,1,ESTATICA,0,,,,10:30 -12:20,,2/8/2021,17/11/2021,CLAS,ASTROZA/EULUFI RODRIGO
PE2016,633,,,ING,2204,1,ESTATICA,0,,,,,09:30 -11:20,3/12/2021,3/12/2021,EXAM,ASTROZA/EULUFI RODRIGO
PE2016,634,,,ING,2204,2,ESTATICA,0,,08:30 -10:20,,,,2/8/2021,17/11/2021,CLAS,MUSIC/CACERES RODRIGO ALEJANDRO
PE2016,634,,,ING,2204,2,ESTATICA,0,,,13:30 -15:20,,,9/8/2021,17/11/2021,AYUD,MUSIC/CACERES RODRIGO ALEJANDRO
PE2016,634,,,ING,2204,2,ESTATICA,0,,,13:30 -15:20,,,25/08/2021,25/08/2021,PRBA,MUSIC/CACERES RODRIGO ALEJANDRO
PE2016,634,,,ING,2204,2,ESTATICA,0,,,13:30 -15:20,,,29/09/2021,29/09/2021,PRBA,MUSIC/CACERES RODRIGO ALEJANDRO
PE2016,634,,,ING,2204,2,ESTATICA,0,,,13:30 -15:20,,,27/10/2021,27/10/2021,PRBA,MUSIC/CACERES RODRIGO ALEJANDRO
PE2016,634,,,ING,2204,2,ESTATICA,0,,,,12:30 -14:20,,2/8/2021,17/11/2021,CLAS,MUSIC/CACERES RODRIGO ALEJANDRO
PE2016,634,,,ING,2204,2,ESTATICA,0,,,,,09:30 -11:20,3/12/2021,3/12/2021,EXAM,MUSIC/CACERES RODRIGO ALEJANDRO
PE2016,3566,,,ING,2204,3,ESTATICA,0,14:30 -16:20,,,,,2/8/2021,17/11/2021,CLAS,FUENTES/ALZIARY MATTHIAS ANTONIO
PE2016,3566,,,ING,2204,3,ESTATICA,0,,,13:30 -15:20,,,9/8/2021,17/11/2021,AYUD,FUENTES/ALZIARY MATTHIAS ANTONIO
PE2016,3566,,,ING,2204,3,ESTATICA,0,,,13:30 -15:20,,,25/08/2021,25/08/2021,PRBA,FUENTES/ALZIARY MATTHIAS ANTONIO
PE2016,3566,,,ING,2204,3,ESTATICA,0,,,13:30 -15:20,,,29/09/2021,29/09/2021,PRBA,FUENTES/ALZIARY MATTHIAS ANTONIO
PE2016,3566,,,ING,2204,3,ESTATICA,0,,,13:30 -15:20,,,27/10/2021,27/10/2021,PRBA,FUENTES/ALZIARY MATTHIAS ANTONIO
PE2016,3566,,,ING,2204,3,ESTATICA,0,,,,10:30 -12:20,,2/8/2021,17/11/2021,CLAS,FUENTES/ALZIARY MATTHIAS ANTONIO
PE2016,3566,,,ING,2204,3,ESTATICA,0,,,,,09:30 -11:20,3/12/2021,3/12/2021,EXAM,FUENTES/ALZIARY MATTHIAS ANTONIO
PE2016,437,,,ICC,3203,1,ESTRUCTURA DE DATOS Y ALGORITM,0,17:30 -19:20,,,,,2/8/2021,17/11/2021,CLAS,ROBLEDO/LEIVA JAVIER ENRIQUE
PE2016,437,,,ICC,3203,1,ESTRUCTURA DE DATOS Y ALGORITM,0,,09:30 -11:20,,,,23/11/2021,23/11/2021,EXAM,ROBLEDO/LEIVA JAVIER ENRIQUE
PE2016,437,,,ICC,3203,1,ESTRUCTURA DE DATOS Y ALGORITM,0,,,,,08:30 -10:20,2/8/2021,17/11/2021,CLAS,ROBLEDO/LEIVA JAVIER ENRIQUE
PE2016,555,,,ICI,3010,1,ESTUDIO DE CASOS EN FINANZAS,0,08:30 -10:20,,,,,2/8/2021,17/11/2021,CLAS,SAINT-PIERRE/CORTES ENRIQUE
PE2016,561,,,ICI,3000,1,ESTUDIO DE CASOS EN GESTION DE,0,08:30 -10:20,,,,,2/8/2021,17/11/2021,CLAS,RIVERA/BUSTOS FERNANDO
CEG,416,,,ING,3104,1,ETICA,0,,,10:30 -12:20,,,2/8/2021,16/11/2021,CLAS,HUNEEUS/ALLIENDE CLEMENTE
CEG,416,,,ING,3104,1,ETICA,0,,,10:30 -12:20,,,17/11/2021,17/11/2021,EXAM,HUNEEUS/ALLIENDE CLEMENTE
PE2016,414,,,ING,4105,1,FILOSOFIA DE LAS CIENCIAS,0,,,,,08:30 -10:20,2/8/2021,11/11/2021,CLAS,VERGARA/ROSS ANDRES EUGENIO
PE2016,414,,,ING,4105,1,FILOSOFIA DE LAS CIENCIAS,0,,,,,08:30 -10:20,12/11/2021,12/11/2021,EXAM,VERGARA/ROSS ANDRES EUGENIO
PE2016,563,,,ICI,4103,1,FINANZAS,0,,13:30 -15:20,,,,2/8/2021,17/11/2021,CLAS,VALENZUELA/AROS PATRICIO ANDRES
PE2016,563,,,ICI,4103,1,FINANZAS,0,,13:30 -15:20,,,,14/09/2021,14/09/2021,PRBA,VALENZUELA/AROS PATRICIO ANDRES
PE2016,563,,,ICI,4103,1,FINANZAS,0,,13:30 -15:20,,,,9/11/2021,9/11/2021,PRBA,VALENZUELA/AROS PATRICIO ANDRES
PE2016,563,,,ICI,4103,1,FINANZAS,0,,,,13:30 -15:20,,2/12/2021,2/12/2021,EXAM,VALENZUELA/AROS PATRICIO ANDRES
PE2016,636,,,IOC,3203,1,FLUID MECHANICS,0,,,,,14:30 -16:20,3/9/2021,3/9/2021,PRBA,MORENO/CASAS PATRICIO ALEJANDRO
PE2016,636,,,IOC,3203,1,FLUID MECHANICS,0,,,,,14:30 -16:20,1/10/2021,1/10/2021,PRBA,MORENO/CASAS PATRICIO ALEJANDRO
PE2016,636,,,IOC,3203,1,FLUID MECHANICS,0,,,,,14:30 -16:20,5/11/2021,5/11/2021,PRBA,MORENO/CASAS PATRICIO ALEJANDRO
PE2016,636,,,IOC,3203,1,FLUID MECHANICS,0,,13:30 -15:20,,,,2/8/2021,17/11/2021,CLAS,MORENO/CASAS PATRICIO ALEJANDRO
PE2016,636,,,IOC,3203,1,FLUID MECHANICS,0,,,,,14:30 -16:20,9/8/2021,17/11/2021,AYUD,MORENO/CASAS PATRICIO ALEJANDRO
PE2016,636,,,IOC,3203,1,FLUID MECHANICS,0,,,,,11:30 -13:20,3/12/2021,3/12/2021,EXAM,MORENO/CASAS PATRICIO ALEJANDRO
PE2016,565,,,ING,2104,1,FUNDAMENTOS DE ECONOMIA,0,19:30 -21:20,,,,,13/09/2021,13/09/2021,PRBA,CEA/ECHENIQUE SEBASTIAN ANDRES
PE2016,565,,,ING,2104,1,FUNDAMENTOS DE ECONOMIA,0,,12:30 -15:20,,,,2/8/2021,17/11/2021,CLAS,CEA/ECHENIQUE SEBASTIAN ANDRES
PE2016,565,,,ING,2104,1,FUNDAMENTOS DE ECONOMIA,0,,15:30 -17:20,,,,30/11/2021,30/11/2021,EXAM,CEA/ECHENIQUE SEBASTIAN ANDRES
PE2016,565,,,ING,2104,1,FUNDAMENTOS DE ECONOMIA,0,,,,15:30 -17:20,,9/8/2021,17/11/2021,AYUD,CEA/ECHENIQUE SEBASTIAN ANDRES
PE2016,565,,,ING,2104,1,FUNDAMENTOS DE ECONOMIA,0,,,,19:30 -21:20,,28/10/2021,28/10/2021,PRBA,CEA/ECHENIQUE SEBASTIAN ANDRES
PE2016,355,,,ING,1102,1,FUNDAMENTOS DE QUIMICA,0,,13:30 -15:20,,,,9/8/2021,17/11/2021,LABT,ARAYA/ARANCIBIA BLANCA BEGONA+MEDINA/ARMIJO ALEJANDRA JACQUELINE (LABT)
PE2016,355,,,ING,1102,1,FUNDAMENTOS DE QUIMICA,0,,,10:30 -13:20,,,2/8/2021,17/11/2021,CLAS,ARAYA/ARANCIBIA BLANCA BEGONA+MEDINA/ARMIJO ALEJANDRA JACQUELINE (LABT)
PE2016,355,,,ING,1102,1,FUNDAMENTOS DE QUIMICA,0,,,,13:30 -15:20,,9/8/2021,17/11/2021,AYUD,ARAYA/ARANCIBIA BLANCA BEGONA+MEDINA/ARMIJO ALEJANDRA JACQUELINE (LABT)
PE2016,355,,,ING,1102,1,FUNDAMENTOS DE QUIMICA,0,,,,13:30 -15:20,,26/08/2021,26/08/2021,PRBA,ARAYA/ARANCIBIA BLANCA BEGONA+MEDINA/ARMIJO ALEJANDRA JACQUELINE (LABT)
PE2016,355,,,ING,1102,1,FUNDAMENTOS DE QUIMICA,0,,,,13:30 -15:20,,23/09/2021,23/09/2021,PRBA,ARAYA/ARANCIBIA BLANCA BEGONA+MEDINA/ARMIJO ALEJANDRA JACQUELINE (LABT)
PE2016,355,,,ING,1102,1,FUNDAMENTOS DE QUIMICA,0,,,,13:30 -15:20,,14/10/2021,14/10/2021,PRBA,ARAYA/ARANCIBIA BLANCA BEGONA+MEDINA/ARMIJO ALEJANDRA JACQUELINE (LABT)
PE2016,355,,,ING,1102,1,FUNDAMENTOS DE QUIMICA,0,,,,13:30 -15:20,,11/11/2021,11/11/2021,PRBA,ARAYA/ARANCIBIA BLANCA BEGONA+MEDINA/ARMIJO ALEJANDRA JACQUELINE (LABT)
PE2016,355,,,ING,1102,1,FUNDAMENTOS DE QUIMICA,0,,,,09:30 -11:20,,25/11/2021,25/11/2021,EXAM,ARAYA/ARANCIBIA BLANCA BEGONA+MEDINA/ARMIJO ALEJANDRA JACQUELINE (LABT)
PE2016,567,,,ICI,4101,1,GESTION DE OPERACIONES,0,10:30 -13:20,,,,,2/8/2021,17/11/2021,CLAS,GONZALEZ/RAMIREZ ROSA GUADALUPE
PE2016,567,,,ICI,4101,1,GESTION DE OPERACIONES,0,10:30 -13:20,,,,,27/09/2021,27/09/2021,PRBA,GONZALEZ/RAMIREZ ROSA GUADALUPE
PE2016,567,,,ICI,4101,1,GESTION DE OPERACIONES,0,11:30 -14:20,,,,,22/11/2021,22/11/2021,EXAM,GONZALEZ/RAMIREZ ROSA GUADALUPE
PE2016,567,,,ICI,4101,1,GESTION DE OPERACIONES,0,,,15:30 -17:20,,,2/8/2021,17/11/2021,AYUD,GONZALEZ/RAMIREZ ROSA GUADALUPE
PE2016,571,,,ICI,4204,1,GESTION DE PERSONAS Y DESARROL,0,,08:30 -11:20,,,,2/8/2021,17/11/2021,CLAS,CASTELLA/RINGLER PAULINA+JARA/FRANCO SCARLETT
PE2016,571,,,ICI,4204,1,GESTION DE PERSONAS Y DESARROL,0,,,11:30 -13:20,,,24/11/2021,24/11/2021,EXAM,CASTELLA/RINGLER PAULINA+JARA/FRANCO SCARLETT
PE2016,571,,,ICI,4204,1,GESTION DE PERSONAS Y DESARROL,0,,,,19:30 -21:20,,23/09/2021,23/09/2021,PRBA,CASTELLA/RINGLER PAULINA+JARA/FRANCO SCARLETT
PE2016,571,,,ICI,4204,1,GESTION DE PERSONAS Y DESARROL,0,,,,19:30 -21:20,,28/10/2021,28/10/2021,PRBA,CASTELLA/RINGLER PAULINA+JARA/FRANCO SCARLETT
PE2016,3593,,,ICI,4204,2,GESTION DE PERSONAS Y DESARROL,0,,,11:30 -13:20,,,24/11/2021,24/11/2021,EXAM,CASTELLA/RINGLER PAULINA+JARA/FRANCO SCARLETT
PE2016,3593,,,ICI,4204,2,GESTION DE PERSONAS Y DESARROL,0,,,,08:30 -11:20,,2/8/2021,17/11/2021,CLAS,CASTELLA/RINGLER PAULINA+JARA/FRANCO SCARLETT
PE2016,3593,,,ICI,4204,2,GESTION DE PERSONAS Y DESARROL,0,,,,19:30 -21:20,,23/09/2021,23/09/2021,PRBA,CASTELLA/RINGLER PAULINA+JARA/FRANCO SCARLETT
PE2016,3593,,,ICI,4204,2,GESTION DE PERSONAS Y DESARROL,0,,,,19:30 -21:20,,28/10/2021,28/10/2021,PRBA,CASTELLA/RINGLER PAULINA+JARA/FRANCO SCARLETT
PE2016,687,,,ICI,18,1,GESTION ESTRAT SUPPLY CHAIN,0,,,,17:30 -19:20,,9/8/2021,17/11/2021,AYUD,ASCENCIO/CARREÑO LUIS MARCELO
PE2016,687,,,ICI,18,1,GESTION ESTRAT SUPPLY CHAIN,0,,,,09:30 -11:20,,2/12/2021,2/12/2021,EXAM,ASCENCIO/CARREÑO LUIS MARCELO
PE2016,687,,,ICI,18,1,GESTION ESTRAT SUPPLY CHAIN,0,,,,,13:30 -16:20,1/10/2021,1/10/2021,PRBA,ASCENCIO/CARREÑO LUIS MARCELO
PE2016,687,,,ICI,18,1,GESTION ESTRAT SUPPLY CHAIN,0,,,,,13:30 -16:20,12/11/2021,12/11/2021,PRBA,ASCENCIO/CARREÑO LUIS MARCELO
PE2016,687,,,ICI,18,1,GESTION ESTRAT SUPPLY CHAIN,0,,,,,13:30 -16:20,2/8/2021,17/11/2021,CLAS,ASCENCIO/CARREÑO LUIS MARCELO
PE2016,575,,,ICI,5201,1,GESTION ESTRATEGICA,0,19:30 -21:20,,,,,27/09/2021,27/09/2021,PRBA,RIVERA/BUSTOS FERNANDO
PE2016,575,,,ICI,5201,1,GESTION ESTRATEGICA,0,19:30 -21:20,,,,,25/10/2021,25/10/2021,PRBA,RIVERA/BUSTOS FERNANDO
PE2016,575,,,ICI,5201,1,GESTION ESTRATEGICA,0,,08:30 -10:20,08:30 -10:20,,,2/8/2021,17/11/2021,CLAS,RIVERA/BUSTOS FERNANDO
PE2016,575,,,ICI,5201,1,GESTION ESTRATEGICA,0,,,,,11:30 -13:20,3/12/2021,3/12/2021,EXAM,RIVERA/BUSTOS FERNANDO
PE2016,439,,,ICC,5201,1,GESTION PROYECTOS DE SOFTWARE,0,,,08:30 -10:20,,,2/8/2021,17/11/2021,CLAS,CANALES/REVECO MIGUEL ANGEL
PE2016,638,,,IOC,4103,1,HIDRAULICA,0,,15:30 -17:20,,,,9/8/2021,17/11/2021,AYUD,LOYOLA/NUÑEZ OSCAR PATRICIO ALBERTO
PE2016,638,,,IOC,4103,1,HIDRAULICA,0,19:30 -21:20,,,,,6/9/2021,6/9/2021,PRBA,LOYOLA/NUÑEZ OSCAR PATRICIO ALBERTO
PE2016,638,,,IOC,4103,1,HIDRAULICA,0,19:30 -21:20,,,,,18/10/2021,18/10/2021,PRBA,LOYOLA/NUÑEZ OSCAR PATRICIO ALBERTO
PE2016,638,,,IOC,4103,1,HIDRAULICA,0,,,,17:30 -19:20,,25/11/2021,25/11/2021,EXAM,LOYOLA/NUÑEZ OSCAR PATRICIO ALBERTO
PE2016,638,,,IOC,4103,1,HIDRAULICA,0,,,,,14:30 -17:20,2/8/2021,17/11/2021,CLAS,LOYOLA/NUÑEZ OSCAR PATRICIO ALBERTO
PE2016,640,,,IOC,4203,1,HIDROLOGIA,0,,08:30 -09:20,,,,2/8/2021,17/11/2021,CLAS,GONZALEZ/VALENZUELA RICARDO JAVIER
PE2016,640,,,IOC,4203,1,HIDROLOGIA,0,,,13:30 -15:20,,,9/8/2021,17/11/2021,AYUD,GONZALEZ/VALENZUELA RICARDO JAVIER
PE2016,640,,,IOC,4203,1,HIDROLOGIA,0,,,13:30 -15:20,,,29/09/2021,29/09/2021,PRBA,GONZALEZ/VALENZUELA RICARDO JAVIER
PE2016,640,,,IOC,4203,1,HIDROLOGIA,0,,,13:30 -15:20,,,3/11/2021,3/11/2021,PRBA,GONZALEZ/VALENZUELA RICARDO JAVIER
PE2016,640,,,IOC,4203,1,HIDROLOGIA,0,,,13:30 -15:20,,,1/12/2021,1/12/2021,EXAM,GONZALEZ/VALENZUELA RICARDO JAVIER
PE2016,640,,,IOC,4203,1,HIDROLOGIA,0,,,,17:30 -19:20,,2/8/2021,17/11/2021,CLAS,GONZALEZ/VALENZUELA RICARDO JAVIER
PE2016,642,,,IOC,2000,1,HORMIGON ARMADO AVANZADO,0,13:30 -15:20,,,,,9/8/2021,17/11/2021,AYUD,MEDALLA/RIQUELME MIGUEL ANDRES
PE2016,642,,,IOC,2000,1,HORMIGON ARMADO AVANZADO,0,,,09:30 -11:20,,,1/12/2021,1/12/2021,EXAM,MEDALLA/RIQUELME MIGUEL ANDRES
PE2016,642,,,IOC,2000,1,HORMIGON ARMADO AVANZADO,0,,,,,13:30 -16:20,2/8/2021,17/11/2021,CLAS,MEDALLA/RIQUELME MIGUEL ANDRES
PE2016,370,,,ICA,4204,1,INGENIERIA DE BIOPROCESOS AMBI,0,,,,10:30 -13:20,,2/9/2021,2/9/2021,PRBA,ARAYA/ARANCIBIA BLANCA BEGONA+MEDINA/ARMIJO ALEJANDRA JACQUELINE (LABT)
PE2016,370,,,ICA,4204,1,INGENIERIA DE BIOPROCESOS AMBI,0,,,,10:30 -13:20,,7/10/2021,7/10/2021,PRBA,ARAYA/ARANCIBIA BLANCA BEGONA+MEDINA/ARMIJO ALEJANDRA JACQUELINE (LABT)
PE2016,370,,,ICA,4204,1,INGENIERIA DE BIOPROCESOS AMBI,0,,,,10:30 -13:20,,4/11/2021,4/11/2021,PRBA,ARAYA/ARANCIBIA BLANCA BEGONA+MEDINA/ARMIJO ALEJANDRA JACQUELINE (LABT)
PE2016,370,,,ICA,4204,1,INGENIERIA DE BIOPROCESOS AMBI,0,10:30 -12:20,,,,,9/8/2021,17/11/2021,LABT,ARAYA/ARANCIBIA BLANCA BEGONA+MEDINA/ARMIJO ALEJANDRA JACQUELINE (LABT)
PE2016,370,,,ICA,4204,1,INGENIERIA DE BIOPROCESOS AMBI,0,15:30 -17:20,,,,,9/8/2021,17/11/2021,AYUD,ARAYA/ARANCIBIA BLANCA BEGONA+MEDINA/ARMIJO ALEJANDRA JACQUELINE (LABT)
PE2016,370,,,ICA,4204,1,INGENIERIA DE BIOPROCESOS AMBI,0,,15:30 -17:20,,,,23/11/2021,23/11/2021,EXAM,ARAYA/ARANCIBIA BLANCA BEGONA+MEDINA/ARMIJO ALEJANDRA JACQUELINE (LABT)
PE2016,370,,,ICA,4204,1,INGENIERIA DE BIOPROCESOS AMBI,0,,,,10:30 -13:20,,2/8/2021,17/11/2021,CLAS,ARAYA/ARANCIBIA BLANCA BEGONA+MEDINA/ARMIJO ALEJANDRA JACQUELINE (LABT)
PE2016,644,,,IOC,15,1,INGENIERIA VIAL,0,,17:30 -19:20,,,,9/8/2021,17/11/2021,AYUD,SERIANI/AWAD SEBASTIAN
PE2016,644,,,IOC,15,1,INGENIERIA VIAL,0,,,,,13:30 -16:20,2/8/2021,17/11/2021,CLAS,SERIANI/AWAD SEBASTIAN
PE2016,644,,,IOC,15,1,INGENIERIA VIAL,0,,,,,11:30 -13:20,3/12/2021,3/12/2021,EXAM,SERIANI/AWAD SEBASTIAN
PE2016,577,,,ICI,5102,1,INSTRUMENTOS FINANCIEROS,0,17:30 -19:20,,,,,9/8/2021,17/11/2021,AYUD,MELLA/BARAHONA JAVIER ANDRES
PE2016,577,,,ICI,5102,1,INSTRUMENTOS FINANCIEROS,0,17:30 -19:20,,,,,18/10/2021,18/10/2021,PRBA,MELLA/BARAHONA JAVIER ANDRES
PE2016,577,,,ICI,5102,1,INSTRUMENTOS FINANCIEROS,0,09:30 -11:20,,,,,29/11/2021,29/11/2021,EXAM,MELLA/BARAHONA JAVIER ANDRES
PE2016,577,,,ICI,5102,1,INSTRUMENTOS FINANCIEROS,0,,,,11:30 -14:20,,9/9/2021,9/9/2021,PRBA,MELLA/BARAHONA JAVIER ANDRES
PE2016,577,,,ICI,5102,1,INSTRUMENTOS FINANCIEROS,0,,,,11:30 -14:20,,2/8/2021,17/11/2021,CLAS,MELLA/BARAHONA JAVIER ANDRES
PE2016,441,,,ICC,4204,1,INTR. A LA INGENIERIA DE SOFTW,0,,08:30 -11:20,,,,2/8/2021,17/11/2021,CLAS,CANALES/REVECO MIGUEL ANGEL
PE2016,3652,,,ICC,21,1,INTRO. AL DES. DE VIDEOJUEGOS,0,,,13:30 -16:20,,,2/8/2021,17/11/2021,CLAS,ECHEVERRIA/PINTO JAIME FERNANDO
PE2016,646,,,IOC,5,1,INTRO. MODELACION FLUJOS,0,17:30 -19:20,,,,,2/8/2021,17/11/2021,CLAS,TORO/LABBE JUAN PABLO
PE2016,646,,,IOC,5,1,INTRO. MODELACION FLUJOS,0,,,,,17:30 -18:20,2/8/2021,17/11/2021,CLAS,TORO/LABBE JUAN PABLO
PE2016,648,,,IOC,3204,1,INTRODUCCION A LA GEOMECANICA,0,,,,08:30 -11:20,,2/8/2021,17/11/2021,CLAS,PINTO/VEGA FRANCISCO JAVIER
PE2016,648,,,IOC,3204,1,INTRODUCCION A LA GEOMECANICA,0,,,,13:30 -15:20,,9/9/2021,9/9/2021,PRBA,PINTO/VEGA FRANCISCO JAVIER
PE2016,648,,,IOC,3204,1,INTRODUCCION A LA GEOMECANICA,0,,,,13:30 -15:20,,7/10/2021,7/10/2021,PRBA,PINTO/VEGA FRANCISCO JAVIER
PE2016,648,,,IOC,3204,1,INTRODUCCION A LA GEOMECANICA,0,,,,13:30 -15:20,,4/11/2021,4/11/2021,PRBA,PINTO/VEGA FRANCISCO JAVIER
PE2016,648,,,IOC,3204,1,INTRODUCCION A LA GEOMECANICA,0,,,,13:30 -15:20,,9/8/2021,17/11/2021,AYUD,PINTO/VEGA FRANCISCO JAVIER
PE2016,648,,,IOC,3204,1,INTRODUCCION A LA GEOMECANICA,0,,,,,11:30 -13:20,26/11/2021,26/11/2021,EXAM,PINTO/VEGA FRANCISCO JAVIER
PE2016,426,,,ING,1203,1,INTRODUCCION A LA MECANICA,0,12:30 -14:20,,,,,2/8/2021,17/11/2021,CLAS,CARTES/MORAGA CARLOS GABRIEL+MEDINA/ARMIJO ALEJANDRA JACQUELINE (LABT)
PE2016,426,,,ING,1203,1,INTRODUCCION A LA MECANICA,0,17:30 -19:20,,,,,9/8/2021,17/11/2021,AYUD,CARTES/MORAGA CARLOS GABRIEL+MEDINA/ARMIJO ALEJANDRA JACQUELINE (LABT)
PE2016,426,,,ING,1203,1,INTRODUCCION A LA MECANICA,0,11:30 -13:20,,,,,29/11/2021,29/11/2021,EXAM,CARTES/MORAGA CARLOS GABRIEL+MEDINA/ARMIJO ALEJANDRA JACQUELINE (LABT)
PE2016,426,,,ING,1203,1,INTRODUCCION A LA MECANICA,0,,,10:30 -12:20,,,9/8/2021,17/11/2021,LABT,CARTES/MORAGA CARLOS GABRIEL+MEDINA/ARMIJO ALEJANDRA JACQUELINE (LABT)
PE2016,426,,,ING,1203,1,INTRODUCCION A LA MECANICA,0,,,,10:30 -12:20,,2/8/2021,17/11/2021,CLAS,CARTES/MORAGA CARLOS GABRIEL+MEDINA/ARMIJO ALEJANDRA JACQUELINE (LABT)
PE2016,427,,,ING,1203,2,INTRODUCCION A LA MECANICA,0,17:30 -19:20,,,,,9/8/2021,17/11/2021,AYUD,CARTES/MORAGA CARLOS GABRIEL+MEDINA/ARMIJO ALEJANDRA JACQUELINE (LABT)
PE2016,427,,,ING,1203,2,INTRODUCCION A LA MECANICA,0,11:30 -13:20,,,,,29/11/2021,29/11/2021,EXAM,CARTES/MORAGA CARLOS GABRIEL+MEDINA/ARMIJO ALEJANDRA JACQUELINE (LABT)
PE2016,427,,,ING,1203,2,INTRODUCCION A LA MECANICA,0,,,10:30 -12:20,,,2/8/2021,17/11/2021,CLAS,CARTES/MORAGA CARLOS GABRIEL+MEDINA/ARMIJO ALEJANDRA JACQUELINE (LABT)
PE2016,427,,,ING,1203,2,INTRODUCCION A LA MECANICA,0,,,,10:30 -12:20,,9/8/2021,17/11/2021,LABT,CARTES/MORAGA CARLOS GABRIEL+MEDINA/ARMIJO ALEJANDRA JACQUELINE (LABT)
PE2016,427,,,ING,1203,2,INTRODUCCION A LA MECANICA,0,,,,,13:30 -15:20,2/8/2021,17/11/2021,CLAS,CARTES/MORAGA CARLOS GABRIEL+MEDINA/ARMIJO ALEJANDRA JACQUELINE (LABT)
PE2016,428,,,ING,1203,3,INTRODUCCION A LA MECANICA,0,12:30 -14:20,,,,,2/8/2021,17/11/2021,CLAS,CISTERNAS/ELGUETA JAIME EDUARDO+MEDINA/ARMIJO ALEJANDRA JACQUELINE (LABT)
PE2016,428,,,ING,1203,3,INTRODUCCION A LA MECANICA,0,17:30 -19:20,,,,,9/8/2021,17/11/2021,AYUD,CISTERNAS/ELGUETA JAIME EDUARDO+MEDINA/ARMIJO ALEJANDRA JACQUELINE (LABT)
PE2016,428,,,ING,1203,3,INTRODUCCION A LA MECANICA,0,11:30 -13:20,,,,,29/11/2021,29/11/2021,EXAM,CISTERNAS/ELGUETA JAIME EDUARDO+MEDINA/ARMIJO ALEJANDRA JACQUELINE (LABT)
PE2016,428,,,ING,1203,3,INTRODUCCION A LA MECANICA,0,,,,10:30 -12:20,,2/8/2021,17/11/2021,CLAS,CISTERNAS/ELGUETA JAIME EDUARDO+MEDINA/ARMIJO ALEJANDRA JACQUELINE (LABT)
PE2016,428,,,ING,1203,3,INTRODUCCION A LA MECANICA,0,,,,,13:30 -15:20,9/8/2021,17/11/2021,LABT,CISTERNAS/ELGUETA JAIME EDUARDO+MEDINA/ARMIJO ALEJANDRA JACQUELINE (LABT)
PE2016,3565,,,ING,1203,4,INTRODUCCION A LA MECANICA,0,12:30 -14:20,,,,,2/8/2021,17/11/2021,CLAS,RIVEROS/BEHNKE OSCAR+MEDINA/ARMIJO ALEJANDRA JACQUELINE (LABT)
PE2016,3565,,,ING,1203,4,INTRODUCCION A LA MECANICA,0,14:30 -16:20,,,,,9/8/2021,17/11/2021,LABT,RIVEROS/BEHNKE OSCAR+MEDINA/ARMIJO ALEJANDRA JACQUELINE (LABT)
PE2016,3565,,,ING,1203,4,INTRODUCCION A LA MECANICA,0,17:30 -19:20,,,,,9/8/2021,17/11/2021,AYUD,RIVEROS/BEHNKE OSCAR+MEDINA/ARMIJO ALEJANDRA JACQUELINE (LABT)
PE2016,3565,,,ING,1203,4,INTRODUCCION A LA MECANICA,0,11:30 -13:20,,,,,29/11/2021,29/11/2021,EXAM,RIVEROS/BEHNKE OSCAR+MEDINA/ARMIJO ALEJANDRA JACQUELINE (LABT)
PE2016,3565,,,ING,1203,4,INTRODUCCION A LA MECANICA,0,,,,10:30 -12:20,,2/8/2021,17/11/2021,CLAS,RIVEROS/BEHNKE OSCAR+MEDINA/ARMIJO ALEJANDRA JACQUELINE (LABT)
PE2016,4025,,,ICC,17,1,LAB DE CIBERSEGURIDAD OFENSIVA,0,16:30 -19:20,,,,,2/8/2021,17/11/2021,CLAS,GOMEZ/GONZALEZ JAIME ANDRES
PE2016,4025,,,ICC,17,1,LAB DE CIBERSEGURIDAD OFENSIVA,0,,11:30 -13:20,,,,23/11/2021,23/11/2021,EXAM,GOMEZ/GONZALEZ JAIME ANDRES
PE2016,579,,,ICI,5103,1,LOGISTICS,0,15:30 -17:20,,,,,9/8/2021,17/11/2021,AYUD,GONZALEZ/RAMIREZ ROSA GUADALUPE
PE2016,579,,,ICI,5103,1,LOGISTICS,0,,10:30 -13:20,,,,21/09/2021,21/09/2021,PRBA,GONZALEZ/RAMIREZ ROSA GUADALUPE
PE2016,579,,,ICI,5103,1,LOGISTICS,0,,10:30 -13:20,,,,2/8/2021,17/11/2021,CLAS,GONZALEZ/RAMIREZ ROSA GUADALUPE
PE2016,579,,,ICI,5103,1,LOGISTICS,0,,,09:30 -12:20,,,24/11/2021,24/11/2021,EXAM,GONZALEZ/RAMIREZ ROSA GUADALUPE
PE2016,581,,,ICI,4203,1,MACROECONOMIA,0,11:30 -13:20,,,,,29/11/2021,29/11/2021,EXAM,CESTAU/OLIVERI GABRIEL
PE2016,581,,,ICI,4203,1,MACROECONOMIA,0,,15:30 -17:20,,,,9/11/2021,9/11/2021,PRBA,CESTAU/OLIVERI GABRIEL
PE2016,581,,,ICI,4203,1,MACROECONOMIA,0,,,,,16:30 -19:20,24/09/2021,24/09/2021,PRBA,CESTAU/OLIVERI GABRIEL
PE2016,581,,,ICI,4203,1,MACROECONOMIA,0,,15:30 -17:20,,,,9/8/2021,17/11/2021,AYUD,CESTAU/OLIVERI GABRIEL
PE2016,581,,,ICI,4203,1,MACROECONOMIA,0,,,,,16:30 -19:20,2/8/2021,17/11/2021,CLAS,CESTAU/OLIVERI GABRIEL
PE2016,583,,,ICI,4102,1,MARKETING,0,,,12:30 -15:20,,,2/8/2021,17/11/2021,CLAS,OLIVARES/SANTANDER FRANCISCA PAZ
PE2016,583,,,ICI,4102,1,MARKETING,0,,,12:30 -15:20,,,22/09/2021,22/09/2021,PRBA,OLIVARES/SANTANDER FRANCISCA PAZ
PE2016,583,,,ICI,4102,1,MARKETING,0,,,12:30 -15:20,,,10/11/2021,10/11/2021,PRBA,OLIVARES/SANTANDER FRANCISCA PAZ
PE2016,583,,,ICI,4102,1,MARKETING,0,,,,,09:30 -11:20,3/12/2021,3/12/2021,EXAM,OLIVARES/SANTANDER FRANCISCA PAZ
PE2016,424,,,ING,2103,1,MECANICA Y ONDAS,0,12:30 -14:20,,,,,2/8/2021,17/11/2021,CLAS,ESCAFF/DIXON DANIEL ELIAS+MEDINA/ARMIJO ALEJANDRA JACQUELINE (LABT)
PE2016,424,,,ING,2103,1,MECANICA Y ONDAS,0,15:30 -17:20,,,,,29/11/2021,29/11/2021,EXAM,ESCAFF/DIXON DANIEL ELIAS+MEDINA/ARMIJO ALEJANDRA JACQUELINE (LABT)
PE2016,424,,,ING,2103,1,MECANICA Y ONDAS,0,,15:30 -17:20,,,,9/8/2021,17/11/2021,LABT,ESCAFF/DIXON DANIEL ELIAS+MEDINA/ARMIJO ALEJANDRA JACQUELINE (LABT)
PE2016,424,,,ING,2103,1,MECANICA Y ONDAS,0,,,,10:30 -12:20,,2/8/2021,17/11/2021,CLAS,ESCAFF/DIXON DANIEL ELIAS+MEDINA/ARMIJO ALEJANDRA JACQUELINE (LABT)
PE2016,424,,,ING,2103,1,MECANICA Y ONDAS,0,,,,,13:30 -15:20,9/8/2021,17/11/2021,AYUD,ESCAFF/DIXON DANIEL ELIAS+MEDINA/ARMIJO ALEJANDRA JACQUELINE (LABT)
PE2011,2364,,U1,ING,6210,1,MEMORIA,0,,,,,08:30-10:20,2/8/2021,17/11/2021,CLAS,CARRASCO/ORMEÑO CARMEN
PE2016,834,,,IOC,4201,1,METODOS COMPUTACIONALES EN IOC,0,10:30 -12:20,,,,,2/8/2021,17/11/2021,CLAS,ABELL/MENA JOSE ANTONIO
PE2016,834,,,IOC,4201,1,METODOS COMPUTACIONALES EN IOC,0,,,10:30 -11:20,,,2/8/2021,17/11/2021,CLAS,ABELL/MENA JOSE ANTONIO
PE2016,834,,,IOC,4201,1,METODOS COMPUTACIONALES EN IOC,0,,,,13:30 -15:20,,9/8/2021,17/11/2021,LABT,ABELL/MENA JOSE ANTONIO
PE2016,3210,,,ICI,23,1,METODOS EMPIRICOS ,0,,,13:30 -15:20,,,1/9/2021,1/9/2021,PRBA,VALENZUELA/AROS PATRICIO ANDRES
PE2016,3210,,,ICI,23,1,METODOS EMPIRICOS ,0,,,13:30 -15:20,,,6/10/2021,6/10/2021,PRBA,VALENZUELA/AROS PATRICIO ANDRES
PE2016,3210,,,ICI,23,1,METODOS EMPIRICOS ,0,,,13:30 -15:20,,,3/11/2021,3/11/2021,PRBA,VALENZUELA/AROS PATRICIO ANDRES
PE2016,3210,,,ICI,23,1,METODOS EMPIRICOS ,0,,,13:30 -15:20,,,2/8/2021,17/11/2021,CLAS,VALENZUELA/AROS PATRICIO ANDRES
PE2016,589,,,ICI,3102,1,METODOS ESTADISTICOS PARA LA G,0,15:30 -17:20,,,,,9/8/2021,17/11/2021,AYUD,QUIJADA/FIGUEROA SERGIO EDUARDO
PE2016,589,,,ICI,3102,1,METODOS ESTADISTICOS PARA LA G,0,15:30 -17:20,,,,,13/09/2021,13/09/2021,PRBA,QUIJADA/FIGUEROA SERGIO EDUARDO
PE2016,589,,,ICI,3102,1,METODOS ESTADISTICOS PARA LA G,0,15:30 -17:20,,,,,18/10/2021,18/10/2021,PRBA,QUIJADA/FIGUEROA SERGIO EDUARDO
PE2016,589,,,ICI,3102,1,METODOS ESTADISTICOS PARA LA G,0,09:30 -11:20,,,,,22/11/2021,22/11/2021,EXAM,QUIJADA/FIGUEROA SERGIO EDUARDO
PE2016,589,,,ICI,3102,1,METODOS ESTADISTICOS PARA LA G,0,,,12:30 -15:20,,,2/8/2021,17/11/2021,CLAS,QUIJADA/FIGUEROA SERGIO EDUARDO
PE2016,650,,,IOC,4202,1,METODOS Y TECNICAS DE CONSTRUC,0,16:30 -19:20,,,,,2/8/2021,17/11/2021,CLAS,ZALAZAR/MAHUZIER EUGENIO RODRIGO
PE2016,374,,,ICA,3204,1,MICROBIOLOGIA INDUSTRIAL AMBIE,0,15:30 -17:20,,,,,29/11/2021,29/11/2021,EXAM,SAN MARTIN/DAVISON JESSICA KATHERINE
PE2016,374,,,ICA,3204,1,MICROBIOLOGIA INDUSTRIAL AMBIE,0,,,09:30 -12:20,,,8/9/2021,8/9/2021,PRBA,SAN MARTIN/DAVISON JESSICA KATHERINE
PE2016,374,,,ICA,3204,1,MICROBIOLOGIA INDUSTRIAL AMBIE,0,,,09:30 -12:20,,,6/10/2021,6/10/2021,PRBA,SAN MARTIN/DAVISON JESSICA KATHERINE
PE2016,374,,,ICA,3204,1,MICROBIOLOGIA INDUSTRIAL AMBIE,0,,,09:30 -12:20,,,3/11/2021,3/11/2021,PRBA,SAN MARTIN/DAVISON JESSICA KATHERINE
PE2016,374,,,ICA,3204,1,MICROBIOLOGIA INDUSTRIAL AMBIE,0,,,09:30 -12:20,,,2/8/2021,17/11/2021,CLAS,SAN MARTIN/DAVISON JESSICA KATHERINE
PE2016,591,,,ICI,3204,1,MICROECONOMIA,0,12:30 -13:20,,,,,2/8/2021,17/11/2021,CLAS,GARCIA/ECHALAR ANDRES
PE2016,591,,,ICI,3204,1,MICROECONOMIA,0,19:30 -21:20,,,,,30/08/2021,30/08/2021,PRBA,GARCIA/ECHALAR ANDRES
PE2016,591,,,ICI,3204,1,MICROECONOMIA,0,19:30 -21:20,,,,,25/10/2021,25/10/2021,PRBA,GARCIA/ECHALAR ANDRES
PE2016,591,,,ICI,3204,1,MICROECONOMIA,0,,,15:30 -17:20,,,29/09/2021,29/09/2021,PRBA,GARCIA/ECHALAR ANDRES
PE2016,591,,,ICI,3204,1,MICROECONOMIA,0,,,15:30 -17:20,,,9/8/2021,17/11/2021,AYUD,GARCIA/ECHALAR ANDRES
PE2016,591,,,ICI,3204,1,MICROECONOMIA,0,,,,13:30 -15:20,,2/8/2021,17/11/2021,CLAS,GARCIA/ECHALAR ANDRES
PE2016,591,,,ICI,3204,1,MICROECONOMIA,0,,,,,11:30 -13:20,26/11/2021,26/11/2021,EXAM,GARCIA/ECHALAR ANDRES
PE2016,3594,,,ICI,3204,2,MICROECONOMIA,0,19:30 -21:20,,,,,30/08/2021,30/08/2021,PRBA,SAUMA/WEBB MAURICIO JOSE
PE2016,3594,,,ICI,3204,2,MICROECONOMIA,0,19:30 -21:20,,,,,25/10/2021,25/10/2021,PRBA,SAUMA/WEBB MAURICIO JOSE
PE2016,3594,,,ICI,3204,2,MICROECONOMIA,0,,,15:30 -17:20,,,29/09/2021,29/09/2021,PRBA,SAUMA/WEBB MAURICIO JOSE
PE2016,3594,,,ICI,3204,2,MICROECONOMIA,0,,,15:30 -17:20,,,9/8/2021,17/11/2021,AYUD,SAUMA/WEBB MAURICIO JOSE
PE2016,3594,,,ICI,3204,2,MICROECONOMIA,0,,,,17:30 -19:20,,2/8/2021,17/11/2021,CLAS,SAUMA/WEBB MAURICIO JOSE
PE2016,3594,,,ICI,3204,2,MICROECONOMIA,0,,,,,17:30 -18:20,2/8/2021,17/11/2021,CLAS,SAUMA/WEBB MAURICIO JOSE
PE2016,3594,,,ICI,3204,2,MICROECONOMIA,0,,,,,11:30 -13:20,26/11/2021,26/11/2021,EXAM,SAUMA/WEBB MAURICIO JOSE
PE2016,593,,,ICI,2000,1,MODELAMIENTO,0,11:30 -13:20,,,,,22/11/2021,22/11/2021,EXAM,CARRASCO/ORMEÑO CARMEN
PE2016,593,,,ICI,2000,1,MODELAMIENTO,0,,,10:30 -13:20,,,29/09/2021,29/09/2021,PRBA,CARRASCO/ORMEÑO CARMEN
PE2016,593,,,ICI,2000,1,MODELAMIENTO,0,,,10:30 -13:20,,,27/10/2021,27/10/2021,PRBA,CARRASCO/ORMEÑO CARMEN
PE2016,593,,,ICI,2000,1,MODELAMIENTO,0,,,10:30 -13:20,,,2/8/2021,17/11/2021,CLAS,CARRASCO/ORMEÑO CARMEN
PE2016,597,,,ICI,3201,1,MODELOS ESTOCASTICOS,0,08:30 -09:20,,,,,2/8/2021,17/11/2021,CLAS,QUINTEROS/GRIJALVA MARTIN
PE2016,597,,,ICI,3201,1,MODELOS ESTOCASTICOS,0,,08:30 -10:20,,,,2/8/2021,17/11/2021,CLAS,QUINTEROS/GRIJALVA MARTIN
PE2016,597,,,ICI,3201,1,MODELOS ESTOCASTICOS,0,,,15:30 -17:20,,,24/11/2021,24/11/2021,EXAM,QUINTEROS/GRIJALVA MARTIN
PE2016,597,,,ICI,3201,1,MODELOS ESTOCASTICOS,0,,,,15:30 -17:20,,9/9/2021,9/9/2021,PRBA,QUINTEROS/GRIJALVA MARTIN
PE2016,597,,,ICI,3201,1,MODELOS ESTOCASTICOS,0,,,,15:30 -17:20,,21/10/2021,21/10/2021,PRBA,QUINTEROS/GRIJALVA MARTIN
PE2016,597,,,ICI,3201,1,MODELOS ESTOCASTICOS,0,,,,15:30 -17:20,,9/8/2021,17/11/2021,AYUD,QUINTEROS/GRIJALVA MARTIN
PE2016,376,,,ICA,4202,1,OBRAS CIVILES SANITARIAS,0,08:30 -10:20,,,,,2/8/2021,17/11/2021,CLAS,BRUNA/GUTIERREZ SIMON ALEJANDRO
PE2016,376,,,ICA,4202,1,OBRAS CIVILES SANITARIAS,0,,11:30 -13:20,,,,23/11/2021,23/11/2021,EXAM,BRUNA/GUTIERREZ SIMON ALEJANDRO
PE2016,376,,,ICA,4202,1,OBRAS CIVILES SANITARIAS,0,,,15:30 -17:20,,,9/8/2021,17/11/2021,AYUD,BRUNA/GUTIERREZ SIMON ALEJANDRO
PE2016,376,,,ICA,4202,1,OBRAS CIVILES SANITARIAS,0,,,15:30 -17:20,,,22/09/2021,22/09/2021,PRBA,BRUNA/GUTIERREZ SIMON ALEJANDRO
PE2016,376,,,ICA,4202,1,OBRAS CIVILES SANITARIAS,0,,,15:30 -17:20,,,27/10/2021,27/10/2021,PRBA,BRUNA/GUTIERREZ SIMON ALEJANDRO
PE2016,376,,,ICA,4202,1,OBRAS CIVILES SANITARIAS,0,,,,,14:30 -15:20,2/8/2021,17/11/2021,CLAS,BRUNA/GUTIERREZ SIMON ALEJANDRO
PE2016,481,,,ICE,3203,1,OPTICAL SYSTEMS,0,11:30 -13:20,,,,,22/11/2021,22/11/2021,EXAM,ANGUITA/GARCIA JAIME
PE2016,481,,,ICE,3203,1,OPTICAL SYSTEMS,0,,13:30 -15:20,,,,9/8/2021,17/11/2021,LABT,ANGUITA/GARCIA JAIME
PE2016,481,,,ICE,3203,1,OPTICAL SYSTEMS,0,,,,14:30 -17:20,,23/09/2021,23/09/2021,PRBA,ANGUITA/GARCIA JAIME
PE2016,481,,,ICE,3203,1,OPTICAL SYSTEMS,0,,,,14:30 -17:20,,28/10/2021,28/10/2021,PRBA,ANGUITA/GARCIA JAIME
PE2016,481,,,ICE,3203,1,OPTICAL SYSTEMS,0,,,,14:30 -17:20,,2/8/2021,17/11/2021,CLAS,ANGUITA/GARCIA JAIME
PE2016,600,,,ICI,3101,1,OPTIMIZACION,0,,15:30 -17:20,,,,9/8/2021,17/11/2021,AYUD,TELHA/CORNEJO CLAUDIO ANDRES
PE2016,600,,,ICI,3101,1,OPTIMIZACION,0,,,,11:30 -14:20,,2/8/2021,17/11/2021,CLAS,TELHA/CORNEJO CLAUDIO ANDRES
PE2016,600,,,ICI,3101,1,OPTIMIZACION,0,,,,19:30 -21:20,,9/9/2021,9/9/2021,PRBA,TELHA/CORNEJO CLAUDIO ANDRES
PE2016,600,,,ICI,3101,1,OPTIMIZACION,0,,,,11:30 -13:20,,25/11/2021,25/11/2021,EXAM,TELHA/CORNEJO CLAUDIO ANDRES
PE2016,600,,,ICI,3101,1,OPTIMIZACION,0,,,,,19:30 -21:20,29/10/2021,29/10/2021,PRBA,TELHA/CORNEJO CLAUDIO ANDRES
PE2016,602,,,ICI,5101,1,ORGANIZACION INDUSTRIAL,0,,,17:30 -19:20,,,9/8/2021,17/11/2021,AYUD,BASAURE/QUINTANA ARTURO FERNANDO
PE2016,602,,,ICI,5101,1,ORGANIZACION INDUSTRIAL,0,,,,14:30 -17:20,,2/8/2021,17/11/2021,CLAS,BASAURE/QUINTANA ARTURO FERNANDO
PE2016,483,,,ICE,4203,1,POTENCIA ELECTRICA,0,,,08:30 -11:20,,,2/8/2021,17/11/2021,CLAS,HURTADO/RAMIREZ JORGE LUIS
PE2016,483,,,ICE,4203,1,POTENCIA ELECTRICA,0,,,08:30 -11:20,,,8/9/2021,8/9/2021,PRBA,HURTADO/RAMIREZ JORGE LUIS
PE2016,483,,,ICE,4203,1,POTENCIA ELECTRICA,0,,,08:30 -11:20,,,20/10/2021,20/10/2021,PRBA,HURTADO/RAMIREZ JORGE LUIS
PE2016,483,,,ICE,4203,1,POTENCIA ELECTRICA,0,,,08:30 -11:20,,,17/11/2021,17/11/2021,PRBA,HURTADO/RAMIREZ JORGE LUIS
PE2016,483,,,ICE,4203,1,POTENCIA ELECTRICA,0,,,15:30 -17:20,,,24/11/2021,24/11/2021,EXAM,HURTADO/RAMIREZ JORGE LUIS
PE2016,483,,,ICE,4203,1,POTENCIA ELECTRICA,0,,,,15:30 -17:20,,9/8/2021,17/11/2021,AYUD,HURTADO/RAMIREZ JORGE LUIS
PE2016,622,,,ING,2201,1,PROBABILIDADES Y ESTADISTICA,0,19:30 -21:20,,,,,30/08/2021,30/08/2021,PRBA,FERNANDEZ/DUVAL GONZALO HERNAN
PE2016,622,,,ING,2201,1,PROBABILIDADES Y ESTADISTICA,0,19:30 -21:20,,,,,27/09/2021,27/09/2021,PRBA,FERNANDEZ/DUVAL GONZALO HERNAN
PE2016,622,,,ING,2201,1,PROBABILIDADES Y ESTADISTICA,0,,15:30 -17:20,,,,9/8/2021,17/11/2021,AYUD,FERNANDEZ/DUVAL GONZALO HERNAN
PE2016,622,,,ING,2201,1,PROBABILIDADES Y ESTADISTICA,0,,,,16:30 -19:20,,2/8/2021,17/11/2021,CLAS,FERNANDEZ/DUVAL GONZALO HERNAN
PE2016,622,,,ING,2201,1,PROBABILIDADES Y ESTADISTICA,0,,,,15:30 -17:20,,2/12/2021,2/12/2021,EXAM,FERNANDEZ/DUVAL GONZALO HERNAN
PE2016,622,,,ING,2201,1,PROBABILIDADES Y ESTADISTICA,0,,,,,19:30 -21:20,12/11/2021,12/11/2021,PRBA,FERNANDEZ/DUVAL GONZALO HERNAN
PE2016,623,,,ING,2201,2,PROBABILIDADES Y ESTADISTICA,0,19:30 -21:20,,,,,30/08/2021,30/08/2021,PRBA,IRARRAZAVAL/ZANARTU MARIA ELISA
PE2016,623,,,ING,2201,2,PROBABILIDADES Y ESTADISTICA,0,19:30 -21:20,,,,,27/09/2021,27/09/2021,PRBA,IRARRAZAVAL/ZANARTU MARIA ELISA
PE2016,623,,,ING,2201,2,PROBABILIDADES Y ESTADISTICA,0,,15:30 -17:20,,,,9/8/2021,17/11/2021,AYUD,IRARRAZAVAL/ZANARTU MARIA ELISA
PE2016,623,,,ING,2201,2,PROBABILIDADES Y ESTADISTICA,0,,,,15:30 -17:20,,2/12/2021,2/12/2021,EXAM,IRARRAZAVAL/ZANARTU MARIA ELISA
PE2016,623,,,ING,2201,2,PROBABILIDADES Y ESTADISTICA,0,,,,,16:30 -19:20,2/8/2021,17/11/2021,CLAS,IRARRAZAVAL/ZANARTU MARIA ELISA
PE2016,623,,,ING,2201,2,PROBABILIDADES Y ESTADISTICA,0,,,,,19:30 -21:20,12/11/2021,12/11/2021,PRBA,IRARRAZAVAL/ZANARTU MARIA ELISA
PE2016,3567,,,ING,2201,3,PROBABILIDADES Y ESTADISTICA,0,19:30 -21:20,,,,,30/08/2021,30/08/2021,PRBA,MONTEGU/RENTERIA IGNACIO EDUARDO
PE2016,3567,,,ING,2201,3,PROBABILIDADES Y ESTADISTICA,0,19:30 -21:20,,,,,27/09/2021,27/09/2021,PRBA,MONTEGU/RENTERIA IGNACIO EDUARDO
PE2016,3567,,,ING,2201,3,PROBABILIDADES Y ESTADISTICA,0,,15:30 -17:20,,,,9/8/2021,17/11/2021,AYUD,MONTEGU/RENTERIA IGNACIO EDUARDO
PE2016,3567,,,ING,2201,3,PROBABILIDADES Y ESTADISTICA,0,,,,15:30 -17:20,,2/12/2021,2/12/2021,EXAM,MONTEGU/RENTERIA IGNACIO EDUARDO
PE2016,3567,,,ING,2201,3,PROBABILIDADES Y ESTADISTICA,0,,,,,16:30 -19:20,2/8/2021,17/11/2021,CLAS,MONTEGU/RENTERIA IGNACIO EDUARDO
PE2016,3567,,,ING,2201,3,PROBABILIDADES Y ESTADISTICA,0,,,,,19:30 -21:20,12/11/2021,12/11/2021,PRBA,MONTEGU/RENTERIA IGNACIO EDUARDO
PE2016,485,,,ICE,3202,1,PROCESAMIENTO DE SEÑALES,0,15:30 -17:20,,,,,9/8/2021,17/11/2021,AYUD,DELPIANO/COSTABAL JOSE FRANCISCO
PE2016,485,,,ICE,3202,1,PROCESAMIENTO DE SEÑALES,0,,11:30 -13:20,,,,2/8/2021,17/11/2021,CLAS,DELPIANO/COSTABAL JOSE FRANCISCO
PE2016,485,,,ICE,3202,1,PROCESAMIENTO DE SEÑALES,0,,11:30 -13:20,,,,7/9/2021,7/9/2021,PRBA,DELPIANO/COSTABAL JOSE FRANCISCO
PE2016,485,,,ICE,3202,1,PROCESAMIENTO DE SEÑALES,0,,11:30 -13:20,,,,5/10/2021,5/10/2021,PRBA,DELPIANO/COSTABAL JOSE FRANCISCO
PE2016,485,,,ICE,3202,1,PROCESAMIENTO DE SEÑALES,0,,11:30 -13:20,,,,9/11/2021,9/11/2021,PRBA,DELPIANO/COSTABAL JOSE FRANCISCO
PE2016,485,,,ICE,3202,1,PROCESAMIENTO DE SEÑALES,0,,,12:30 -13:20,,,2/8/2021,17/11/2021,CLAS,DELPIANO/COSTABAL JOSE FRANCISCO
PE2016,485,,,ICE,3202,1,PROCESAMIENTO DE SEÑALES,0,,,09:30 -11:20,,,1/12/2021,1/12/2021,EXAM,DELPIANO/COSTABAL JOSE FRANCISCO
PE2016,3574,,U5,ICE,204,1,PROCESAMIENTO DIGITAL DE IMAG,0,,,11:30 -12:20,,,2/8/2021,17/11/2021,CLAS,DELPIANO/COSTABAL JOSE FRANCISCO
PE2016,3574,,U5,ICE,204,1,PROCESAMIENTO DIGITAL DE IMAG,0,,,13:30 -15:20,,,24/11/2021,24/11/2021,EXAM,DELPIANO/COSTABAL JOSE FRANCISCO
PE2016,3574,,U5,ICE,204,1,PROCESAMIENTO DIGITAL DE IMAG,0,,,,,13:30 -15:20,2/8/2021,17/11/2021,CLAS,DELPIANO/COSTABAL JOSE FRANCISCO
PE2016,4378,,U5,ICC,22,1,PROCESAMIENTO DIGITAL DE IMAG,0,,,11:30 -12:20,,,2/8/2021,17/11/2021,CLAS,DELPIANO/COSTABAL JOSE FRANCISCO
PE2016,4378,,U5,ICC,22,1,PROCESAMIENTO DIGITAL DE IMAG,0,,,13:30 -15:20,,,24/11/2021,24/11/2021,EXAM,DELPIANO/COSTABAL JOSE FRANCISCO
PE2016,4378,,U5,ICC,22,1,PROCESAMIENTO DIGITAL DE IMAG,0,,,,,13:30 -15:20,2/8/2021,17/11/2021,CLAS,DELPIANO/COSTABAL JOSE FRANCISCO
PE2016,447,,,ING,1103,1,PROGRAMACION,0,08:30 -10:20,,,,,9/8/2021,17/11/2021,LABT,HOWARD/MATTE ANDRES IGNACIO
PE2016,447,,,ING,1103,1,PROGRAMACION,0,,,08:30 -10:20,,,2/8/2021,17/11/2021,CLAS,HOWARD/MATTE ANDRES IGNACIO
PE2016,447,,,ING,1103,1,PROGRAMACION,0,,,,,08:30 -10:20,9/8/2021,17/11/2021,AYUD,HOWARD/MATTE ANDRES IGNACIO
PE2016,448,,,ING,1103,2,PROGRAMACION,0,08:30 -10:20,,,,,9/8/2021,17/11/2021,LABT,ROBLEDO/LEIVA JAVIER ENRIQUE
PE2016,448,,,ING,1103,2,PROGRAMACION,0,,,08:30 -10:20,,,2/8/2021,17/11/2021,CLAS,ROBLEDO/LEIVA JAVIER ENRIQUE
PE2016,448,,,ING,1103,2,PROGRAMACION,0,,,,,08:30 -10:20,9/8/2021,17/11/2021,AYUD,ROBLEDO/LEIVA JAVIER ENRIQUE
PE2016,604,,,ICI,3202,1,PROGRAMACION MATEMATICA,0,,11:30 -13:20,,,,30/11/2021,30/11/2021,EXAM,PEREZ/RETAMALES JUAN EDUARDO
PE2016,604,,,ICI,3202,1,PROGRAMACION MATEMATICA,0,,,13:30 -15:20,,,1/9/2021,1/9/2021,PRBA,PEREZ/RETAMALES JUAN EDUARDO
PE2016,604,,,ICI,3202,1,PROGRAMACION MATEMATICA,0,,,13:30 -15:20,,,20/10/2021,20/10/2021,PRBA,PEREZ/RETAMALES JUAN EDUARDO
PE2016,604,,,ICI,3202,1,PROGRAMACION MATEMATICA,0,,,13:30 -15:20,,,9/8/2021,17/11/2021,AYUD,PEREZ/RETAMALES JUAN EDUARDO
PE2016,604,,,ICI,3202,1,PROGRAMACION MATEMATICA,0,,,,11:30 -13:20,,11/11/2021,11/11/2021,PRBA,PEREZ/RETAMALES JUAN EDUARDO
PE2016,604,,,ICI,3202,1,PROGRAMACION MATEMATICA,0,,,,11:30 -13:20,,2/8/2021,17/11/2021,CLAS,PEREZ/RETAMALES JUAN EDUARDO
PE2016,450,,,ICC,3101,1,PROGRAMACION ORIENTADA A OBJET,0,09:30 -11:20,,,,,29/11/2021,29/11/2021,EXAM,HOWARD/MATTE ANDRES IGNACIO+ZUÑIGA/JOHNSON ALFONSO JOSE
PE2016,450,,,ICC,3101,1,PROGRAMACION ORIENTADA A OBJET,0,,08:30 -10:20,,,,2/8/2021,17/11/2021,CLAS,HOWARD/MATTE ANDRES IGNACIO+ZUÑIGA/JOHNSON ALFONSO JOSE
PE2016,450,,,ICC,3101,1,PROGRAMACION ORIENTADA A OBJET,0,,,,14:30 -16:20,,9/8/2021,17/11/2021,LABT,HOWARD/MATTE ANDRES IGNACIO+ZUÑIGA/JOHNSON ALFONSO JOSE
PE2016,2312,,,ICE,5203,1,PROTECCIONES ELECTRICAS,0,,,,17:30 -19:20,,9/8/2021,17/11/2021,AYUD,LARA/GALLARDO ERICK FRANK
PE2016,2312,,,ICE,5203,1,PROTECCIONES ELECTRICAS,0,,,,,16:30 -19:20,2/8/2021,17/11/2021,CLAS,LARA/GALLARDO ERICK FRANK
PE2016,2312,,,ICE,5203,1,PROTECCIONES ELECTRICAS,0,,,,,16:30 -19:20,24/09/2021,24/09/2021,PRBA,LARA/GALLARDO ERICK FRANK
PE2016,2312,,,ICE,5203,1,PROTECCIONES ELECTRICAS,0,,,,,16:30 -19:20,5/11/2021,5/11/2021,PRBA,LARA/GALLARDO ERICK FRANK
PE2016,2312,,,ICE,5203,1,PROTECCIONES ELECTRICAS,0,,,,,11:30 -13:20,26/11/2021,26/11/2021,EXAM,LARA/GALLARDO ERICK FRANK
PE2016,452,,,ICC,4201,1,PROY. DE DESARROLLO DE SOFTW.,0,,,,10:30 -12:20,,2/8/2021,17/11/2021,CLAS,RECABARREN/BAHAMONDES MATIAS
PE2016,2447,,,ICE,4205,1,PROYECTO DE DISEÑO ELECTRICO,0,,08:30 -10:20,,,,2/8/2021,17/11/2021,CLAS,VARGAS/PARKER JUAN PABLO
PE2016,2447,,,ICE,4205,1,PROYECTO DE DISEÑO ELECTRICO,0,,,,08:30 -11:20,,9/8/2021,17/11/2021,LABT,VARGAS/PARKER JUAN PABLO
PE2016,501,,,ING,5203,1,PROYECTO DE TITULO 1,0,,,,,08:30-10:20,8/2/2021,11/17/2021,CLAS,CARRASCO/ORMEÑO CARMEN
PE2016,499,,U1,ING,6103,1,PROYECTO DE TITULO 2,0,,,,,08:30-10:20,2/8/2021,17/11/2021,CLAS,CARRASCO/ORMEÑO CARMEN
PE2016,3584,,U2,ICC,20,1,REDES DE COMUNICACION,0,15:30 -18:20,,,,,2/8/2021,17/11/2021,CLAS,VALENCIA/CORDERO CLAUDIO TOMAS
PE2016,3584,,U2,ICC,20,1,REDES DE COMUNICACION,0,15:30 -18:20,,,,,30/08/2021,30/08/2021,PRBA,VALENCIA/CORDERO CLAUDIO TOMAS
PE2016,3584,,U2,ICC,20,1,REDES DE COMUNICACION,0,15:30 -18:20,,,,,27/09/2021,27/09/2021,PRBA,VALENCIA/CORDERO CLAUDIO TOMAS
PE2016,3584,,U2,ICC,20,1,REDES DE COMUNICACION,0,15:30 -18:20,,,,,25/10/2021,25/10/2021,PRBA,VALENCIA/CORDERO CLAUDIO TOMAS
PE2016,3584,,U2,ICC,20,1,REDES DE COMUNICACION,0,,13:30 -15:20,,,,30/11/2021,30/11/2021,EXAM,VALENCIA/CORDERO CLAUDIO TOMAS
PE2016,3592,,U2,ICE,5102,1,REDES DE COMUNICACION,0,15:30 -18:20,,,,,2/8/2021,17/11/2021,CLAS,VALENCIA/CORDERO CLAUDIO TOMAS
PE2016,3592,,U2,ICE,5102,1,REDES DE COMUNICACION,0,15:30 -18:20,,,,,30/08/2021,30/08/2021,PRBA,VALENCIA/CORDERO CLAUDIO TOMAS
PE2016,3592,,U2,ICE,5102,1,REDES DE COMUNICACION,0,15:30 -18:20,,,,,27/09/2021,27/09/2021,PRBA,VALENCIA/CORDERO CLAUDIO TOMAS
PE2016,3592,,U2,ICE,5102,1,REDES DE COMUNICACION,0,15:30 -18:20,,,,,25/10/2021,25/10/2021,PRBA,VALENCIA/CORDERO CLAUDIO TOMAS
PE2016,3592,,U2,ICE,5102,1,REDES DE COMUNICACION,0,,13:30 -15:20,,,,30/11/2021,30/11/2021,EXAM,VALENCIA/CORDERO CLAUDIO TOMAS
PE2016,3587,,,ICE,203,1,ROBOTICA MOVIL,0,,13:30 -16:20,,,,7/9/2021,7/9/2021,PRBA,CORREA/VILLANUEVA JAVIER
PE2016,3587,,,ICE,203,1,ROBOTICA MOVIL,0,,13:30 -16:20,,,,9/11/2021,9/11/2021,PRBA,CORREA/VILLANUEVA JAVIER
PE2016,3587,,,ICE,203,1,ROBOTICA MOVIL,0,,13:30 -16:20,,,,2/8/2021,17/11/2021,CLAS,CORREA/VILLANUEVA JAVIER
PE2016,654,,,IOC,6,1,SEM. MODELACION DE TRAFICO,0,,15:30 -17:20,,,,2/8/2021,17/11/2021,CLAS,DELPIANO/COSTABAL RAFAEL
PE2016,654,,,IOC,6,1,SEM. MODELACION DE TRAFICO,0,,09:30 -11:20,,,,23/11/2021,23/11/2021,EXAM,DELPIANO/COSTABAL RAFAEL
PE2016,498,,,ING,5206,1,SEMINARIO DE ETICA PROFESIONAL,0,09:30 -11:20,,,,,29/11/2021,29/11/2021,EXAM,PEZOA/GUTIERREZ ALVARO ANTONIO
PE2016,498,,,ING,5206,1,SEMINARIO DE ETICA PROFESIONAL,0,,,,08:30 -10:20,,10/9/2021,10/9/2021,PRBA,PEZOA/GUTIERREZ ALVARO ANTONIO
PE2016,498,,,ING,5206,1,SEMINARIO DE ETICA PROFESIONAL,0,,,,08:30 -10:20,,21/10/2021,21/10/2021,PRBA,PEZOA/GUTIERREZ ALVARO ANTONIO
PE2016,498,,,ING,5206,1,SEMINARIO DE ETICA PROFESIONAL,0,,,,08:30 -10:20,,2/8/2021,17/11/2021,CLAS,PEZOA/GUTIERREZ ALVARO ANTONIO
PE2016,3570,,,ICI,4202,1,SIMULACION,0,13:30 -16:20,,,,,2/8/2021,17/11/2021,CLAS,QUIJADA/FIGUEROA SERGIO EDUARDO
PE2016,3570,,,ICI,4202,1,SIMULACION,0,13:30 -16:20,,,,,27/09/2021,27/09/2021,PRBA,QUIJADA/FIGUEROA SERGIO EDUARDO
PE2016,3570,,,ICI,4202,1,SIMULACION,0,13:30 -16:20,,,,,15/11/2021,15/11/2021,PRBA,QUIJADA/FIGUEROA SERGIO EDUARDO
PE2016,3570,,,ICI,4202,1,SIMULACION,0,,,,11:30 -13:20,,9/8/2021,17/11/2021,LABT,QUIJADA/FIGUEROA SERGIO EDUARDO
PE2016,659,,,IOC,4204,1,SISTEMAS DE TRANSPORTE,0,13:30 -15:20,,,,,2/8/2021,17/11/2021,CLAS,DELPIANO/COSTABAL RAFAEL
PE2016,659,,,IOC,4204,1,SISTEMAS DE TRANSPORTE,0,13:30 -15:20,,,,,30/08/2021,30/08/2021,PRBA,DELPIANO/COSTABAL RAFAEL
PE2016,659,,,IOC,4204,1,SISTEMAS DE TRANSPORTE,0,11:30 -13:20,,,,,22/11/2021,22/11/2021,EXAM,DELPIANO/COSTABAL RAFAEL
PE2016,659,,,IOC,4204,1,SISTEMAS DE TRANSPORTE,0,,15:30 -17:20,,,,9/8/2021,17/11/2021,AYUD,DELPIANO/COSTABAL RAFAEL
PE2016,659,,,IOC,4204,1,SISTEMAS DE TRANSPORTE,0,,15:30 -17:20,,,,28/09/2021,28/09/2021,PRBA,DELPIANO/COSTABAL RAFAEL
PE2016,659,,,IOC,4204,1,SISTEMAS DE TRANSPORTE,0,,15:30 -17:20,,,,26/10/2021,26/10/2021,PRBA,DELPIANO/COSTABAL RAFAEL
PE2016,659,,,IOC,4204,1,SISTEMAS DE TRANSPORTE,0,,,,,13:30 -14:20,2/8/2021,17/11/2021,CLAS,DELPIANO/COSTABAL RAFAEL
PE2016,489,,,ICE,3204,1,SISTEMAS DIGITALES AVANZADOS,0,,,13:30 -17:20,,,9/8/2021,17/11/2021,LABT,GUARINI/HERRMANN MARCELO WALTER
PE2016,489,,,ICE,3204,1,SISTEMAS DIGITALES AVANZADOS,0,,,,08:30 -10:20,,30/09/2021,30/09/2021,PRBA,GUARINI/HERRMANN MARCELO WALTER
PE2016,489,,,ICE,3204,1,SISTEMAS DIGITALES AVANZADOS,0,,,,08:30 -10:20,,11/11/2021,11/11/2021,PRBA,GUARINI/HERRMANN MARCELO WALTER
PE2016,489,,,ICE,3204,1,SISTEMAS DIGITALES AVANZADOS,0,,,,08:30 -10:20,,2/8/2021,17/11/2021,CLAS,GUARINI/HERRMANN MARCELO WALTER
PE2016,493,A1,,ICE,3201,1,SISTEMAS ELECTRONICOS,0,,09:30 -11:20,,,,2/8/2021,17/11/2021,CLAS,RIVERA/IUNNISSI SEBASTIAN ANDRE
PE2016,493,A1,,ICE,3201,1,SISTEMAS ELECTRONICOS,0,,09:30 -11:20,,,,14/09/2021,14/09/2021,PRBA,RIVERA/IUNNISSI SEBASTIAN ANDRE
PE2016,493,A1,,ICE,3201,1,SISTEMAS ELECTRONICOS,0,,09:30 -11:20,,,,19/10/2021,19/10/2021,PRBA,RIVERA/IUNNISSI SEBASTIAN ANDRE
PE2016,493,A1,,ICE,3201,1,SISTEMAS ELECTRONICOS,0,,09:30 -11:20,,,,16/11/2021,16/11/2021,PRBA,RIVERA/IUNNISSI SEBASTIAN ANDRE
PE2016,4376,A,,ICE,3201,1,SISTEMAS ELECTRONICOS,0,08:30 -09:20,,,,,9/8/2021,17/11/2021,LABT,RIVERA/IUNNISSI SEBASTIAN ANDRE
PE2016,4377,A,,ICE,3201,1,SISTEMAS ELECTRONICOS,0,,,,17:30 -18:20,,9/8/2021,17/11/2021,LABT,RIVERA/IUNNISSI SEBASTIAN ANDRE
PE2016,493,A1,,ICE,3201,1,SISTEMAS ELECTRONICOS,0,,,,10:30 -11:20,,2/8/2021,17/11/2021,CLAS,RIVERA/IUNNISSI SEBASTIAN ANDRE
PE2016,493,A1,,ICE,3201,1,SISTEMAS ELECTRONICOS,0,,,,,17:30 -19:20,9/8/2021,17/11/2021,AYUD,RIVERA/IUNNISSI SEBASTIAN ANDRE
PE2016,454,,,ICC,4202,1,SISTEMAS EMBEBIDOS,0,,,08:30 -10:20,,,2/8/2021,17/11/2021,CLAS,OSSA/MONGE JOSE JAVIER
PE2016,454,,,ICC,4202,1,SISTEMAS EMBEBIDOS,0,,,,08:30 -10:20,,9/8/2021,17/11/2021,LABT,OSSA/MONGE JOSE JAVIER
PE2016,671,,,ICC,3201,1,SISTEMAS OPERATIVOS Y REDES,0,15:30 -17:20,,,,,22/11/2021,22/11/2021,EXAM,ALVAREZ/GOMEZ CLAUDIO JAVIER
PE2016,671,,,ICC,3201,1,SISTEMAS OPERATIVOS Y REDES,0,,,13:30 -16:20,,,25/08/2021,25/08/2021,PRBA,ALVAREZ/GOMEZ CLAUDIO JAVIER
PE2016,671,,,ICC,3201,1,SISTEMAS OPERATIVOS Y REDES,0,,,,19:30 -12:20,,23/09/2021,23/09/2021,PRBA,ALVAREZ/GOMEZ CLAUDIO JAVIER
PE2016,671,,,ICC,3201,1,SISTEMAS OPERATIVOS Y REDES,0,,,13:30 -16:20,,,13/10/2021,13/10/2021,PRBA,ALVAREZ/GOMEZ CLAUDIO JAVIER
PE2016,671,,,ICC,3201,1,SISTEMAS OPERATIVOS Y REDES,0,,,,19:30 -12:20,,28/10/2021,28/10/2021,PRBA,ALVAREZ/GOMEZ CLAUDIO JAVIER
PE2016,671,,,ICC,3201,1,SISTEMAS OPERATIVOS Y REDES,0,,,13:30 -16:20,,,10/11/2021,10/11/2021,PRBA,ALVAREZ/GOMEZ CLAUDIO JAVIER
PE2016,671,,,ICC,3201,1,SISTEMAS OPERATIVOS Y REDES,0,,,13:30 -16:20,,,2/8/2021,17/11/2021,CLAS,ALVAREZ/GOMEZ CLAUDIO JAVIER
PE2016,673,,,ICC,5202,1,SOFTWARE ARCHITECTURE,0,,,17:30 -19:20,,,2/8/2021,17/11/2021,CLAS,ECHEVERRIA/GALVEZ SEBASTIAN JOSE
PE2016,348,,,ICA,3,1,SOLUCION NUMERICA DE PROBL ICA,0,,09:30 -12:20,,,,2/8/2021,17/11/2021,CLAS,SCOTT/CONTADOR FELIPE IGNACIO+BASTARRICA/MELGAREJO JOSEFINA ESTEFANIA
PE2016,348,,,ICA,3,1,SOLUCION NUMERICA DE PROBL ICA,0,,09:30 -12:20,,,,24/08/2021,24/08/2021,PRBA,SCOTT/CONTADOR FELIPE IGNACIO+BASTARRICA/MELGAREJO JOSEFINA ESTEFANIA
PE2016,348,,,ICA,3,1,SOLUCION NUMERICA DE PROBL ICA,0,,09:30 -12:20,,,,21/09/2021,21/09/2021,PRBA,SCOTT/CONTADOR FELIPE IGNACIO+BASTARRICA/MELGAREJO JOSEFINA ESTEFANIA
PE2016,348,,,ICA,3,1,SOLUCION NUMERICA DE PROBL ICA,0,,09:30 -12:20,,,,19/10/2021,19/10/2021,PRBA,SCOTT/CONTADOR FELIPE IGNACIO+BASTARRICA/MELGAREJO JOSEFINA ESTEFANIA
PE2016,348,,,ICA,3,1,SOLUCION NUMERICA DE PROBL ICA,0,,09:30 -12:20,,,,16/11/2021,16/11/2021,PRBA,SCOTT/CONTADOR FELIPE IGNACIO+BASTARRICA/MELGAREJO JOSEFINA ESTEFANIA
PE2016,348,,,ICA,3,1,SOLUCION NUMERICA DE PROBL ICA,0,,15:30 -17:20,,,,30/11/2021,30/11/2021,EXAM,SCOTT/CONTADOR FELIPE IGNACIO+BASTARRICA/MELGAREJO JOSEFINA ESTEFANIA
PE2016,348,,,ICA,3,1,SOLUCION NUMERICA DE PROBL ICA,0,,,,12:30 -14:20,,9/8/2021,17/11/2021,AYUD,SCOTT/CONTADOR FELIPE IGNACIO+BASTARRICA/MELGAREJO JOSEFINA ESTEFANIA
PE2016,3580,,,ICE,205,1,SUSTENTABILIDAD Y ENERGIAS REN,0,11:30 -13:20,,,,,22/11/2021,22/11/2021,EXAM,FUNES/. GUSTAVO LUIS
PE2016,3580,,,ICE,205,1,SUSTENTABILIDAD Y ENERGIAS REN,0,,,12:30 -15:20,,,9/8/2021,17/11/2021,LABT,FUNES/. GUSTAVO LUIS
PE2016,3580,,,ICE,205,1,SUSTENTABILIDAD Y ENERGIAS REN,0,,,,10:30 -12:20,,2/8/2021,17/11/2021,CLAS,FUNES/. GUSTAVO LUIS
PE2016,3582,,,IOC,23,1,TALLER DE ADM Y DIR PROYECTOS,0,,,,,16:30 -19:20,20/08/2021,20/08/2021,PRBA,RIVAS/ORDENES JORGE
PE2016,3582,,,IOC,23,1,TALLER DE ADM Y DIR PROYECTOS,0,,,,,16:30 -19:20,3/9/2021,3/9/2021,PRBA,RIVAS/ORDENES JORGE
PE2016,3582,,,IOC,23,1,TALLER DE ADM Y DIR PROYECTOS,0,,,,,16:30 -19:20,24/09/2021,24/09/2021,PRBA,RIVAS/ORDENES JORGE
PE2016,3582,,,IOC,23,1,TALLER DE ADM Y DIR PROYECTOS,0,,,,,16:30 -19:20,8/10/2021,8/10/2021,PRBA,RIVAS/ORDENES JORGE
PE2016,3582,,,IOC,23,1,TALLER DE ADM Y DIR PROYECTOS,0,,,,,16:30 -19:20,22/10/2021,22/10/2021,PRBA,RIVAS/ORDENES JORGE
PE2016,3582,,,IOC,23,1,TALLER DE ADM Y DIR PROYECTOS,0,,,,,16:30 -19:20,12/11/2021,12/11/2021,PRBA,RIVAS/ORDENES JORGE
PE2016,3582,,,IOC,23,1,TALLER DE ADM Y DIR PROYECTOS,0,,,,,16:30 -19:20,2/8/2021,17/11/2021,CLAS,RIVAS/ORDENES JORGE
PE2016,627,,,ING,2205,1,TALLER DE DISEÑO DE PRODUCTO,0,,,,17:30 -19:20,,2/8/2021,17/11/2021,LABT,OYARZUN/ALCAYAGA JUAN PABLO
PE2016,627,,,ING,2205,1,TALLER DE DISEÑO DE PRODUCTO,0,,,,11:30 -13:20,,25/11/2021,25/11/2021,EXAM,OYARZUN/ALCAYAGA JUAN PABLO
PE2016,3568,,,ING,2205,2,TALLER DE DISEÑO DE PRODUCTO,0,,,,11:30 -13:20,,25/11/2021,25/11/2021,EXAM,OYARZUN/ALCAYAGA JUAN PABLO
PE2016,3568,,,ING,2205,2,TALLER DE DISEÑO DE PRODUCTO,0,,,,,16:30 -18:20,2/8/2021,17/11/2021,LABT,OYARZUN/ALCAYAGA JUAN PABLO
PE2016,661,,,IOC,5202,1,TECNOLOGIA DEL HORMIGON,0,10:30 -12:20,,,,,2/8/2021,17/11/2021,CLAS,PAUL/QUIROZ ALVARO RAFAEL
PE2016,661,,,IOC,5202,1,TECNOLOGIA DEL HORMIGON,0,19:30 -21:20,,,,,13/09/2021,13/09/2021,PRBA,PAUL/QUIROZ ALVARO RAFAEL
PE2016,661,,,IOC,5202,1,TECNOLOGIA DEL HORMIGON,0,19:30 -21:20,,,,,18/10/2021,18/10/2021,PRBA,PAUL/QUIROZ ALVARO RAFAEL
PE2016,661,,,IOC,5202,1,TECNOLOGIA DEL HORMIGON,0,19:30 -21:20,,,,,8/11/2021,8/11/2021,PRBA,PAUL/QUIROZ ALVARO RAFAEL
PE2016,661,,,IOC,5202,1,TECNOLOGIA DEL HORMIGON,0,,11:30 -13:20,,,,30/11/2021,30/11/2021,EXAM,PAUL/QUIROZ ALVARO RAFAEL
PE2016,661,,,IOC,5202,1,TECNOLOGIA DEL HORMIGON,0,,,,11:30 -12:20,,2/8/2021,17/11/2021,CLAS,PAUL/QUIROZ ALVARO RAFAEL
PE2016,661,,,IOC,5202,1,TECNOLOGIA DEL HORMIGON,0,,,,13:30 -15:20,,9/8/2021,17/11/2021,LABT,PAUL/QUIROZ ALVARO RAFAEL
CEG,3596,,,FRM,2100,31,TEOLOGIA II (ING),0,,,12:30 -14:20,,,2/8/2021,16/11/2021,CLAS,ORREGO/SANCHEZ MARIA CRISTINA
CEG,3596,,,FRM,2100,31,TEOLOGIA II (ING),0,,,12:30 -14:20,,,17/11/2021,17/11/2021,EXAM,ORREGO/SANCHEZ MARIA CRISTINA
CEG,3597,,,FRM,2100,32,TEOLOGIA II (ING),0,,,12:30 -14:20,,,2/8/2021,16/11/2021,CLAS,SOUSA/BRAVO GABRIELA
CEG,3597,,,FRM,2100,32,TEOLOGIA II (ING),0,,,12:30 -14:20,,,17/11/2021,17/11/2021,EXAM,SOUSA/BRAVO GABRIELA
CEG,3598,,,FRM,2100,33,TEOLOGIA II (ING),0,,,,,08:30 -10:20,2/8/2021,11/11/2021,CLAS,BOETSCH/MATTE SERGIO GREGORIO
CEG,3598,,,FRM,2100,33,TEOLOGIA II (ING),0,,,,,08:30 -10:20,12/11/2021,12/11/2021,EXAM,BOETSCH/MATTE SERGIO GREGORIO
CEG,3599,,,FRM,2100,34,TEOLOGIA II (ING),0,,,,,08:30 -10:20,2/8/2021,11/11/2021,CLAS,UNDURRAGA/SCHULER FRANCISCA
CEG,3599,,,FRM,2100,34,TEOLOGIA II (ING),0,,,,,08:30 -10:20,12/11/2021,12/11/2021,EXAM,UNDURRAGA/SCHULER FRANCISCA
PE2016,663,,,IOC,3010,1,TEORIA DEL TRAFICO VEHICULAR,0,,10:30 -12:20,,,,2/8/2021,17/11/2021,CLAS,FERNANDEZ/AGUILERA RODRIGO EDUARDO
PE2016,663,,,IOC,3010,1,TEORIA DEL TRAFICO VEHICULAR,0,,,15:30 -17:20,,,9/8/2021,17/11/2021,AYUD,FERNANDEZ/AGUILERA RODRIGO EDUARDO
PE2016,663,,,IOC,3010,1,TEORIA DEL TRAFICO VEHICULAR,0,,,15:30 -17:20,,,25/08/2021,25/08/2021,PRBA,FERNANDEZ/AGUILERA RODRIGO EDUARDO
PE2016,663,,,IOC,3010,1,TEORIA DEL TRAFICO VEHICULAR,0,,,15:30 -17:20,,,22/09/2021,22/09/2021,PRBA,FERNANDEZ/AGUILERA RODRIGO EDUARDO
PE2016,663,,,IOC,3010,1,TEORIA DEL TRAFICO VEHICULAR,0,,,15:30 -17:20,,,27/10/2021,27/10/2021,PRBA,FERNANDEZ/AGUILERA RODRIGO EDUARDO
PE2016,663,,,IOC,3010,1,TEORIA DEL TRAFICO VEHICULAR,0,,,,10:30 -11:20,,2/8/2021,17/11/2021,CLAS,FERNANDEZ/AGUILERA RODRIGO EDUARDO
PE2016,663,,,IOC,3010,1,TEORIA DEL TRAFICO VEHICULAR,0,,,,,13:30 -15:20,26/11/2021,26/11/2021,EXAM,FERNANDEZ/AGUILERA RODRIGO EDUARDO
PE2016,420,,,ING,2203,1,TERMODINAMICA,0,09:30 -11:20,,,,,9/8/2021,17/11/2021,LABT,DESCALZI/MUÑOZ ORAZIO+MEDINA/ARMIJO ALEJANDRA JACQUELINE (LABT)
PE2016,420,,,ING,2203,1,TERMODINAMICA,0,,10:30 -13:20,,,,2/8/2021,17/11/2021,CLAS,DESCALZI/MUÑOZ ORAZIO+MEDINA/ARMIJO ALEJANDRA JACQUELINE (LABT)
PE2016,420,,,ING,2203,1,TERMODINAMICA,0,,09:30 -11:20,,,,23/11/2021,23/11/2021,EXAM,DESCALZI/MUÑOZ ORAZIO+MEDINA/ARMIJO ALEJANDRA JACQUELINE (LABT)
PE2016,420,,,ING,2203,1,TERMODINAMICA,0,,,15:30 -17:20,,,9/8/2021,17/11/2021,AYUD,DESCALZI/MUÑOZ ORAZIO+MEDINA/ARMIJO ALEJANDRA JACQUELINE (LABT)
PE2016,421,,,ING,2203,2,TERMODINAMICA,0,,10:30 -12:20,,,,2/8/2021,17/11/2021,CLAS,RIVEROS/BEHNKE OSCAR+MEDINA/ARMIJO ALEJANDRA JACQUELINE (LABT)
PE2016,421,,,ING,2203,2,TERMODINAMICA,0,,09:30 -11:20,,,,23/11/2021,23/11/2021,EXAM,RIVEROS/BEHNKE OSCAR+MEDINA/ARMIJO ALEJANDRA JACQUELINE (LABT)
PE2016,421,,,ING,2203,2,TERMODINAMICA,0,,,15:30 -17:20,,,9/8/2021,17/11/2021,AYUD,RIVEROS/BEHNKE OSCAR+MEDINA/ARMIJO ALEJANDRA JACQUELINE (LABT)
PE2016,421,,,ING,2203,2,TERMODINAMICA,0,,,,08:30 -10:20,,9/8/2021,17/11/2021,LABT,RIVEROS/BEHNKE OSCAR+MEDINA/ARMIJO ALEJANDRA JACQUELINE (LABT)
PE2016,3606,,,ING,2203,3,TERMODINAMICA,0,,,,,13:30 -16:20,2/8/2021,17/11/2021,CLAS,RIVEROS/BEHNKE OSCAR+MEDINA/ARMIJO ALEJANDRA JACQUELINE (LABT)
PE2016,3606,,,ING,2203,3,TERMODINAMICA,0,,09:30 -11:20,,,,23/11/2021,23/11/2021,EXAM,RIVEROS/BEHNKE OSCAR+MEDINA/ARMIJO ALEJANDRA JACQUELINE (LABT)
PE2016,3606,,,ING,2203,3,TERMODINAMICA,0,,,15:30 -17:20,,,9/8/2021,17/11/2021,AYUD,RIVEROS/BEHNKE OSCAR+MEDINA/ARMIJO ALEJANDRA JACQUELINE (LABT)
PE2016,3606,,,ING,2203,3,TERMODINAMICA,0,,,,,08:30 -10:20,9/8/2021,17/11/2021,LABT,RIVEROS/BEHNKE OSCAR+MEDINA/ARMIJO ALEJANDRA JACQUELINE (LABT)
PE2016,665,,,IOC,3202,1,TOPOGRAFIA,0,15:30 -17:20,,,,,22/11/2021,22/11/2021,EXAM,MANRIQUEZ/CUEVAS ELIAS JOSE
PE2016,665,,,IOC,3202,1,TOPOGRAFIA,0,,08:30 -11:20,,,,2/8/2021,17/11/2021,CLAS,MANRIQUEZ/CUEVAS ELIAS JOSE
PE2016,665,,,IOC,3202,1,TOPOGRAFIA,0,,,,15:30 -17:20,,9/8/2021,17/11/2021,LABT,MANRIQUEZ/CUEVAS ELIAS JOSE
PE2016,380,,,ICA,3202,1,TRANSFERENCIA DE CALOR,0,11:30 -13:20,,,,,22/11/2021,22/11/2021,EXAM,GUERRERO/RUZ SICHEM
PE2016,380,,,ICA,3202,1,TRANSFERENCIA DE CALOR,0,,,,08:30 -11:20,,2/9/2021,2/9/2021,PRBA,GUERRERO/RUZ SICHEM
PE2016,380,,,ICA,3202,1,TRANSFERENCIA DE CALOR,0,,,,08:30 -11:20,,30/09/2021,30/09/2021,PRBA,GUERRERO/RUZ SICHEM
PE2016,380,,,ICA,3202,1,TRANSFERENCIA DE CALOR,0,,,,08:30 -11:20,,21/10/2021,21/10/2021,PRBA,GUERRERO/RUZ SICHEM
PE2016,380,,,ICA,3202,1,TRANSFERENCIA DE CALOR,0,,,,08:30 -11:20,,11/11/2021,11/11/2021,PRBA,GUERRERO/RUZ SICHEM
PE2016,380,,,ICA,3202,1,TRANSFERENCIA DE CALOR,0,,,,08:30 -11:20,,2/8/2021,17/11/2021,CLAS,GUERRERO/RUZ SICHEM
PE2016,380,,,ICA,3202,1,TRANSFERENCIA DE CALOR,0,,,,17:30 -19:20,,9/8/2021,17/11/2021,AYUD,GUERRERO/RUZ SICHEM
PE2016,384,,,ICA,3201,1,TRANSFERENCIA DE MASA,0,,,13:30 -16:20,,,2/8/2021,17/11/2021,CLAS,VERGARA/FERNANDEZ ALBERTO OCTAVIO
PE2016,384,,,ICA,3201,1,TRANSFERENCIA DE MASA,0,,,13:30 -16:20,,,25/08/2021,25/08/2021,PRBA,VERGARA/FERNANDEZ ALBERTO OCTAVIO
PE2016,384,,,ICA,3201,1,TRANSFERENCIA DE MASA,0,,,13:30 -16:20,,,22/09/2021,22/09/2021,PRBA,VERGARA/FERNANDEZ ALBERTO OCTAVIO
PE2016,384,,,ICA,3201,1,TRANSFERENCIA DE MASA,0,,,13:30 -16:20,,,27/10/2021,27/10/2021,PRBA,VERGARA/FERNANDEZ ALBERTO OCTAVIO
PE2016,384,,,ICA,3201,1,TRANSFERENCIA DE MASA,0,,,,14:30 -16:20,,9/8/2021,17/11/2021,AYUD,VERGARA/FERNANDEZ ALBERTO OCTAVIO
PE2016,384,,,ICA,3201,1,TRANSFERENCIA DE MASA,0,,,,,09:30 -11:20,26/11/2021,26/11/2021,EXAM,VERGARA/FERNANDEZ ALBERTO OCTAVIO
PE2016,669,,,ING,6,1,VENTURE CAPITAL,0,,16:30 -19:20,,,,2/8/2021,17/11/2021,CLAS,TORREALBA/ARANGUIZ NICOLAS ALEJANDRO
PE2016,387,,,ICA,5201,1,WASTEWATER TREATMENT,0,,,14:30 -17:20,,,2/8/2021,17/11/2021,CLAS,SEAL/MERY CHRISTIAN EDWARD
PE2016,387,,,ICA,5201,1,WASTEWATER TREATMENT,0,,,14:30 -17:20,,,1/9/2021,1/9/2021,PRBA,SEAL/MERY CHRISTIAN EDWARD
PE2016,387,,,ICA,5201,1,WASTEWATER TREATMENT,0,,,14:30 -17:20,,,29/09/2021,29/09/2021,PRBA,SEAL/MERY CHRISTIAN EDWARD
PE2016,387,,,ICA,5201,1,WASTEWATER TREATMENT,0,,,14:30 -17:20,,,27/10/2021,27/10/2021,PRBA,SEAL/MERY CHRISTIAN EDWARD
PE2016,387,,,ICA,5201,1,WASTEWATER TREATMENT,0,,,14:30 -17:20,,,17/11/2021,17/11/2021,PRBA,SEAL/MERY CHRISTIAN EDWARD
PE2016,387,,,ICA,5201,1,WASTEWATER TREATMENT,0,,,,15:30 -17:20,,9/8/2021,17/11/2021,LABT,SEAL/MERY CHRISTIAN EDWARD
PE2016,1653,,,CEG,2042,1,[PEG ART] DE BACH AL ROCK,3,,,,,10:30 - 12:20,,,CLAS,BROWNE/PUGA EDUARDO PIO
PE2016,1655,,,CEG,2038,1,[PEG ART] APRENDIENDO A VER CINE,3,,,,,10:30 -12:20,,,CLAS,CUBILLOS/MUNOZ BERNARDITA MARIA
PE2016,1656,,,CEG,2037,1,[PEG ART] CHEST. LEWIS Y TOLKIEN,3,,,17:30 -19:20,,,,,CLAS,DIAZ/GARCIA SEBASTIAN DANIEL
PE2016,1657,,,CEG,2027,1,[PEG ART] RELAT. POLICIAL Y EL TEM,3,,17:30 -19:20,,,,,,CLAS,FRANKEN/KURZEN CLEMENS AUGUST
PE2016,1658,,,CEG,2021,1,[PEG ART] POESIA Y EXPER. HUMANA,3,,,17:30 -19:20,,,,,CLAS,GAVILAN/MUÑOZ ISMAEL
PE2016,1659,,,CEG,2024,1,[PEG ART] ARTE Y CULTURA GRIEGA,3,,17:30 -19:20,,,,,,CLAS,MERINO/MARCHANT EMMA VERONICA
PE2016,1660,,,CEG,2011,1,[PEG ART] REVOL. ART. DEL RENACIM.,3,,,,,10:30 -12:20,,,CLAS,MERINO/MARCHANT EMMA VERONICA
PE2016,1663,,,CEG,2036,1,[PEG ART] DE ULISES A LUKE SKYWALK,3,,,17:30 -19:20,,,,,CLAS,FERNANDEZ/QUIROGA MARIA ALEJANDRA
PE2016,4000,,,CEG,2049,1,[PEG LIT] LECTURA DE CLASICOS,3,,17:30 -19:20,,,,,,CLAS,COX/CRUZAT CLEMENTE JOSE
PE2016,4001,,,CEG,2049,2,[PEG LIT] LECTURA DE CLASICOS,3,,,17:30 -19:20,,,,,CLAS,COX/CRUZAT CLEMENTE JOSE
PE2016,4050,,,CEG,2050,1,[PEG ART] TOLKIEN BEYOND RING,3,,,,,10:30 -12:20,,,CLAS,ELLIS ERIK ZACHARY
PE2016,1671,,,CEG,1033,1,[PEG HIS] GRANDES EXPLORADORES,3,,17:30 -19:20,,,,,,CLAS,OLIVARES/SALAS CHRISTIAN ALFREDO
PE2016,1672,,,CEG,1022,1,[PEG HIS] GRANDES BATALLAS,3,,17:30 -19:20,,,,,,CLAS,CAMPOS/MOLINA MARIA FRANCISCA
PE2016,1674,,,CEG,1000,1,[PEG HIS] HEROES HIST. CHILE,3,,,,,10:30 -12:20,,,CLAS,OLIVARES/SALAS CHRISTIAN ALFREDO
PE2016,1676,,,CEG,1040,1,[PEG HIS] MITOLOGIA EUROPEA,3,,,17:30 -19:20,,,,,CLAS,OLIVARES/SALAS CHRISTIAN ALFREDO
PE2016,1677,,,CEG,1138,1,[PEG HIS] TERRORISMO Y GLOBALIZ.,3,,,,,10:30 -12:20,,,CLAS,HODGE/DUPRE EDUARDO ANDRES
PE2016,1933,,,CEG,1043,1,[PEG HIS] GRANDES REVOLUCIONES,3,,,,,10:30 -12:20,,,CLAS,STEVENSSON/DE LA TAILLE TRETINVILLE IGNACIO
PE2016,4002,,,CEG,1048,1,[PEG HIS] LECTURA DE CLASICOS,3,,,,,10:30 -12:20,,,CLAS,FERNANDEZ/QUIROGA MARIA ALEJANDRA
PE2016,4011,,,CEG,1046,1,[PEG HIS] ACTUALIDAD INTERNACIONAL,3,,,17:30 -19:20,,,,,CLAS,DEBESA/CASTRO HERNAN RAMON
PE2016,4038,,,CEG,1049,1,[PEG HIS] GRAND. Y DECAD. DE ROMA,3,,17:30 -19:20,,,,,,CLAS,STEVENSSON/DE LA TAILLE TRETINVILLE IGNACIO
PE2016,4039,,,CEG,1050,1,[PEG HIS] AM. LAT.: POLIT. Y NACIO,3,,,17:30 -19:20,,,,,CLAS,HINRICHSEN/HERRERA ALFRED THOMAS
PE2016,2199,,,FRM,2,1,[PEG TEO] LOS VICIOS CAPITALES EN LA TRA,3,,,17:30 -19:20,,,,,CLAS,GONZALEZ/VIDAL NICOLAS
PE2016,2200,,,FRM,13,1,[PEG TEO] ACTUALIDAD Y FE,3,,,,,10:30 -12:20,,,CLAS,IBAÑEZ/MASRAMON JUAN DIEGO
PE2016,2201,,,FRM,21,1,[PEG TEO] EL DESAFIO DE COMUNICAR LA FE,3,,13:30 -15:20,,,,,,CLAS,ERRAZURIZ/TORTORELLI CRISTINA
PE2016,2204,,,FRM,10,1,[PEG TEO] PENSAMIENTO SOCIAL CRISTIANO,3,,,17:30 -19:20,,,,,CLAS,UZAL/CASTRO MANUEL RENE
PE2016,4373,,,FRM,36,1,[PEG TEO] DESAFIOS SOCIALES DEL CRISTIANISMO,3,,,17:30 -19:20,,,,,CLAS,PARDO/CADENA JORGE MIGUEL
PE2016,4135,,,FRM,28,1,[PEG TEO] MUNDO: REALIDAD DIVINA ,3,,,,,10:30 -12:20,,,CLAS,UNDURRAGA/SCHULER FRANCISCA
PE2016,4136,,,FRM,31,1,[PEG TEO] CRISTIANOS EN LA SOCIEDAD,3,,17:30 -19:20,,,,,,CLAS,SOUSA/BRAVO GABRIELA
PE2016,4138,,,FRM,30,1,[PEG TEO] LA VIDA EN CRISTO,3,,17:30 -19:20,,,,,,CLAS,WILLIAMS/DE TORO JAIME ANDRES
PE2016,4139,,,FRM,15,1,[PEG TEO] SN JOSE EN LA FE DE LA IGLESIA,3,,,17:30 -19:20,,,,,CLAS,AMADO/FERNANDEZ ANTONIO
PE2016,4141,,,FRM,35,1,[PEG TEO] LA MUJER EN LA SAGR. ESCRITURA,3,,17:30 -19:20,,,,,,CLAS,AMADO/FERNANDEZ ANTONIO
PE2016,4140,,,FRM,34,1,[PEG TEO] INTROD. A LA SAGRADA ESCRITURA,3,,,,,10:30 -12:20,,,CLAS,VALENTINI/Y COLOMBER MANUEL
PE2016,4237,,,FRM,34,2,[PEG TEO] INTROD. A LA SAGRADA ESCRITURA,3,,15:30 - 17:20,,,,,,CLAS,WALKER/CRUCHAGA FRANCISCO JERONIMO
PE2016,2208,,,FRM,26,1,[PEG TEO] CREACION Y CUIDADO DEL MUNDO,3,,,,,10:30 -12:20,,,CLAS,LEMAITRE/PALMA MARIA ISABEL